Year;GFDL-ESM2M;NorESM2;ACCESS;UKESM1;CanESM5;CESM;MPIESM;CNRM-ESM2-1;MIROC-ES2L
0;-0.038595544;0.14212;0.29;0.597492264;0.44771;-0.241369116;-0.0341;-0.821146;0.85392
1;0.48634635;0.49504;0.73;0.922251185;0.7119;0.267676382;0.0187;-0.244671;1.1906
2;0.712402511;0.74235;0.91;1.004735776;0.90578;0.551952712;0.4028;-0.036564;1.42356
3;0.995295963;0.9159;1.02;1.216452762;1.2007;0.826833931;0.4632;-0.029507;1.62243
4;1.170848908;1.2084;1.38;1.419103249;1.1894;0.95377523;0.5407;0.327955;1.71567
5;1.323502279;1.3909;1.47;1.746788612;1.4316;1.025534206;0.8736;0.539878;1.89228
6;1.663497821;1.6068;1.64;1.868256434;1.6738;1.364909769;1.0321;0.551897;2.0539
7;1.754737431;1.7847;2.04;1.877557579;1.7763;1.617831755;1.3015;0.663834;2.16237
8;1.790709082;1.9046;2.08;2.085661612;1.9758;1.701605785;1.81;0.917014;2.28447
9;2.075199799;2.051;2.18;2.219902879;2.1132;1.925941752;2.1252;0.855037;2.30289
10;2.094580417;2.0632;2.22;2.305196584;2.2577;2.067553617;1.9314;1.073529;2.41905
11;1.898207359;2.1878;2.25;2.371373215;2.2756;2.214039106;1.8862;0.974986;2.51944
12;2.275984118;2.3784;2.56;2.507453524;2.3253;2.235592846;1.9793;1.110835;2.60461
13;2.586846437;2.3794;2.59;2.703866508;2.3531;2.385717176;2.2381;1.38949;2.66564
14;2.575270075;2.3666;2.73;2.69990249;2.5142;2.391822687;2.4176;1.482578;2.82847
15;2.648878152;2.529;3.10;2.658389368;2.6134;2.421023117;2.3985;1.6117;2.94167
16;2.775831129;2.6883;2.92;2.668555261;2.7072;2.4855484;2.3772;1.594451;2.95008
17;2.944041219;2.6652;3.08;2.71243693;2.808;2.527853979;2.4736;1.80869;2.98726
18;3.080366134;2.876;3.24;3.006179855;2.7549;2.659821456;2.6666;1.880661;3.04589
19;2.820304312;3.0445;3.18;3.039635134;2.937;2.569833409;2.7319;1.711051;3.012
20;3.018782722;3.0392;3.43;3.044255516;3.0032;2.681281272;2.8759;1.937449;3.09822
21;3.286198037;3.075;3.44;2.965054183;3.0254;2.799473726;2.6885;2.040167;3.3424
22;3.336669456;3.2092;3.53;3.214971168;3.0798;3.029942809;2.9035;2.448762;3.33827
23;3.509383592;3.2323;3.69;3.2411104;3.2444;3.262489517;2.9196;2.401423;3.30751
24;3.668316224;3.3592;3.60;3.133562778;3.3006;3.089749265;2.991;2.136451;3.3657
25;3.37456116;3.4283;3.58;3.235916488;3.234;3.142176332;2.9225;2.32351;3.28346
26;3.4396193;3.3554;3.69;3.243081715;3.3537;3.04007318;2.9411;2.23366;3.39386
27;3.957705235;3.4576;3.76;3.388666271;3.4267;3.275742165;3.0976;2.163387;3.3702
28;3.957813673;3.5027;3.76;3.513246446;3.4309;3.215026248;3.2178;2.256899;3.5741
29;3.796379548;3.5453;3.87;3.63410982;3.5532;3.242226709;3.5032;2.362633;3.42128
30;3.82932953;3.6194;3.97;3.740414794;3.4589;3.234495865;3.5827;2.408603;3.35679
31;4.135490258;3.6413;4.05;3.734684399;3.5265;3.393545422;3.5978;2.582993;3.52672
32;4.141740409;3.7725;4.04;3.542045729;3.6482;3.506970802;3.4214;2.574675;3.72162
33;3.73568405;3.8793;4.10;3.696378731;3.6236;3.48355876;3.407;2.733233;3.61038
34;3.939590067;3.8461;4.26;3.688658166;3.568;3.591574969;3.5313;2.613888;3.69329
35;4.383876964;3.9558;4.30;3.638198332;3.7366;3.754379677;3.6952;2.754424;3.65109
36;4.797038391;3.9136;4.20;3.780027747;3.9141;3.718810893;3.6639;2.795802;3.76768
37;4.358573073;3.9648;4.34;3.951101866;3.9767;3.723658875;3.7731;2.858362;3.94265
38;4.143986917;3.9663;4.30;3.885125414;3.8917;3.72183089;3.8026;2.923066;3.96596
39;4.557748243;4.0139;4.33;4.021737208;3.9556;3.643485373;3.7451;2.911346;3.9483
40;4.647565445;4.0807;4.42;3.829077345;4.0506;3.740122851;3.7485;2.774591;4.18232
41;4.471367059;4.1823;4.52;3.776499831;3.8982;3.796858524;3.834;3.020802;4.16344
42;4.339216471;4.0862;4.51;4.053585333;3.9364;3.868429824;3.9126;3.189429;4.08798
43;4.726869502;4.27;4.54;4.143860276;3.8337;3.824451314;3.965;3.116777;3.87989
44;4.892961824;4.251;4.56;4.162089895;3.969;3.871088502;4.0209;3.093801;3.91505
45;4.727144816;4.2661;4.61;4.332887513;4.04;3.926443783;4.0559;3.069823;3.99547
46;4.496927505;4.3163;4.70;4.274276641;4.0953;4.041353838;4.2272;2.882043;4.21093
47;4.596462026;4.2382;4.68;4.057032986;4.1156;3.998157251;4.1521;3.236556;4.13777
48;5.153893805;4.3302;4.62;4.258781852;4.1848;4.026705945;4.2249;3.056972;4.03675
49;5.04524729;4.4685;4.90;4.223744639;4.0421;4.202868992;4.2436;3.170832;4.08185
50;4.922927245;4.4192;4.76;4.317391977;4.0608;4.177552233;4.2331;3.286715;4.02752
51;5.039647497;4.5359;4.98;4.303816676;4.0777;4.092692711;3.9539;3.171735;4.23209
52;5.169374611;4.5652;4.89;4.327101413;4.2602;4.264914171;4.0045;3.262396;4.39901
53;4.788845259;4.4575;4.97;4.219130067;4.2552;4.198072655;4.3126;3.191309;4.36222
54;4.712770562;4.3262;4.96;4.298802984;4.1021;4.189573051;4.4264;3.130954;4.22339
55;5.342349017;4.6248;4.97;4.420771485;4.1443;4.302460199;4.317;3.503879;4.42903
56;5.275078875;4.6103;4.99;4.412523759;4.2911;4.261151619;4.4405;3.396969;4.47813
57;4.996014906;4.6348;4.98;4.431261569;4.3345;4.305561702;4.4106;3.393431;4.4725
58;5.204417455;4.601;4.98;4.417306442;4.3407;4.404897162;4.3472;3.361469;4.31097
59;5.301555609;4.6798;5.10;4.504441838;4.3681;4.289424849;4.4739;3.328473;4.171
60;5.471815492;4.6559;5.13;4.543019734;4.4055;4.356808033;4.5534;3.429502;4.46101
61;4.905647345;4.7049;5.03;4.473630374;2.5299;4.516577819;4.3907;3.355971;4.54342
62;3.609517314;4.6928;5.24;4.396983591;2.3764;4.38173478;4.5906;3.537392;4.68606
63;3.288233162;4.9739;5.05;4.486413984;2.1446;4.42307597;4.4698;3.645857;2.97671
64;3.346488966;5.0286;5.11;4.483972049;1.9017;4.569323114;4.4761;3.481638;2.67694
65;2.740269943;4.8132;5.10;4.546230418;1.7338;4.310758016;3.9047;3.654496;2.44852
66;2.810085926;4.0216;5.07;3.191774263;1.5066;4.471434177;3.2279;3.507066;2.26768
67;3.024478121;3.4695;4.08;2.847673676;1.4891;3.70347071;3.0586;3.660281;2.14603
68;2.390994125;3.3055;3.64;2.55145379;1.4406;3.08206432;2.9208;3.502023;2.12736
69;2.324634404;2.8888;3.56;2.419218469;1.3277;2.67421624;2.4875;3.51567;1.96312
70;2.102429582;2.6829;3.31;2.286045713;1.0963;2.2679589;2.583;3.456365;1.79708
71;2.061233821;2.5139;2.99;2.122977685;1.1256;2.21936152;2.3677;1.075928183;1.60391
72;2.144537738;2.3158;2.78;2.030195069;1.1694;2.20468443;2.3562;1.194383162;1.64336
73;2.048763318;2.2206;2.85;1.912171842;0.97031;1.98393566;2.1333;1.305884112;1.60096
74;1.424269703;1.9544;2.57;1.850132417;0.91914;1.74255632;1.9782;1.575572419;1.56613
75;1.346930972;1.9756;2.62;1.791946874;1.0724;1.83782589;1.7918;1.723464475;1.4531
76;1.319579224;1.9617;2.58;1.906473623;0.88086;1.88271257;1.8862;1.686127438;1.52939
77;1.264178865;1.9203;2.34;1.831311888;0.90541;1.69875824;1.7845;1.507719844;1.41733
78;1.50910783;1.8484;2.24;1.83664856;0.81467;1.59383207;1.7779;1.899694812;1.5486
79;1.572722462;1.6568;2.07;1.685962844;0.94564;1.46674618;1.753;1.634538983;1.44121
80;1.509017472;1.8491;2.10;1.502445036;0.80825;1.57093905;1.6849;1.791521674;1.3322
81;1.064080586;1.479;2.01;1.256145617;0.919;1.43207852;1.6522;1.988916863;1.4313
82;1.264067227;1.5407;1.91;1.431472519;0.84911;1.39197648;1.5273;2.001738121;1.45896
83;1.655069224;1.6261;1.88;1.514676915;0.67365;1.57198976;1.3797;1.891699652;1.26199
84;1.669149887;1.5324;1.96;1.407781515;0.73107;1.39557315;1.3234;2.255680648;1.35543
85;0.822688142;1.3692;1.97;1.396434066;0.83549;1.3751632;1.3584;2.518209259;1.34042
86;0.65301489;1.4403;1.78;1.27160265;0.76149;1.14710259;1.2817;2.643329125;1.28098
87;1.16088026;1.2958;1.74;1.441102964;0.76471;1.05820436;1.3994;2.235305469;1.34782
88;1.599994888;1.2542;1.77;1.387569918;0.64643;1.00316626;1.3038;1.992649719;1.36587
89;1.242351083;1.4551;1.56;1.298170766;0.74277;1.15624325;1.2901;1.860846823;1.36669
90;1.60782959;1.278;1.46;1.408624518;0.78594;1.29614231;1.3172;1.820972169;1.31328
91;1.284687073;1.1784;1.48;1.371959961;0.62494;1.29713122;1.2454;1.676335061;1.30716
92;1.078982807;1.2995;1.60;1.34056225;0.59653;1.13985765;1.1958;1.41876132;1.30155
93;1.160572158;1.0688;1.45;1.37400849;0.58054;1.02159001;1.1987;1.748314348;1.38597
94;1.28761743;1.057;1.53;1.353501105;0.58051;1.07854786;1.3145;1.651142062;1.18818
95;1.451226115;1.2062;1.48;1.289457284;0.67564;1.1501236;1.2644;1.793760549;1.24682
96;0.919350426;1.0663;1.45;1.197569568;0.66776;1.03196343;1.0838;1.309092492;1.23586
97;0.521348402;1.086;1.57;1.137140002;0.70158;0.89738071;1.1052;1.2827504;1.2365
98;0.957225109;1.2186;1.63;1.144508457;0.60641;1.04697703;0.9262;0.981801101;1.39838
99;1.046851904;1.0073;1.60;1.030823098;0.66816;0.97252312;1.0792;0.896094419;1.24681
100;0.792612787;1.0096;1.57;0.903001712;0.59237;0.88041108;1.0608;0.70301898;1.25966
101;0.931652521;1.1351;1.55;0.899416537;0.53296;0.8715932;1.2187;0.209377786;1.17075
102;0.839147165;1.1422;1.58;1.101297196;0.62892;0.83645685;1.0004;0.619621234;1.11669
103;1.035662405;0.91583;1.50;1.128080809;0.6309;0.75825923;1.1699;0.032208317;1.12031
104;1.155067715;0.8409;1.39;0.861392588;0.70826;0.7644954;1.255;0.105855532;1.25274
105;1.313956377;1.0594;1.27;1.030614089;0.64079;0.65760083;1.268;0.183460029;1.31644
106;1.047644031;0.91218;1.32;1.257807443;0.55592;0.86143175;1.061;0.601527995;1.12368
107;0.492396914;0.95574;1.23;1.036947611;0.49319;0.60354443;0.7725;0.33613629;1.29103
108;0.27346505;0.89976;1.15;1.085466587;0.54592;0.75987124;0.9515;0.811128077;1.20983
109;0.656732693;1.074;1.36;1.124304;0.6351;0.67089313;1.035;0.682134811;1.1082
110;0.733669946;0.93093;1.07;0.939787867;0.47373;0.64040153;1.0782;0.570849924;1.02467
111;1.029542305;0.80721;1.07;1.181328445;0.55651;0.60416309;1.0536;0.383523046;1.04193
112;1.107220618;1.0707;1.28;0.782848279;0.45938;0.52605314;1.062;0.316909456;1.24014
113;1.494150869;0.8102;1.21;0.917469859;0.46878;0.61660999;0.862;0.698211826;1.13184
114;0.886190038;0.88997;1.20;0.939728219;0.51601;0.69382914;0.7353;0.252167369;1.24633
115;0.555614125;0.78982;1.20;1.187456769;0.62911;0.57408092;0.7106;0.38686342;1.18351
116;0.898791855;0.85383;1.05;1.086416024;0.70784;0.67015442;0.9059;0.062501076;1.3294
117;1.116034957;0.99917;0.98;1.030491175;0.68022;0.64025149;0.7481;0.324718205;1.21918
118;0.550731942;0.85295;0.99;1.377502399;0.70562;0.9200005;0.8753;0.548479784;1.16585
119;0.784173448;0.74357;1.03;1.245804288;0.62117;0.83599232;1.0352;0.415237521;1.09807
120;1.019048441;0.83717;1.14;1.116894402;0.43689;0.69047048;0.9879;0.580646376;1.13436
121;0.645242444;0.92003;0.97;1.007111839;0.53415;0.7352828;0.9504;1.004438837;1.20948
122;0.97701954;0.78602;0.94;0.931598383;0.52664;0.82362708;0.873;0.880950147;1.15992
123;1.219577404;0.80447;1.02;0.817401771;0.42728;0.58076082;0.946;1.056054886;1.24779
124;0.89834411;0.94911;0.95;0.910270666;0.40754;0.65178434;0.7346;1.291226637;1.24864
125;0.816541526;0.96921;0.92;0.936219413;0.48527;0.58408186;0.6193;0.995645472;1.24321
126;1.053739036;0.75379;1.09;1.045327451;0.52747;0.62783322;0.7525;0.139519892;1.00334
127;0.301681875;0.75479;1.20;0.726157005;0.40263;0.65342871;0.8444;0.261163125;1.01467
128;0.254530985;0.7394;1.19;0.917197631;0.59907;0.87279997;0.8862;0.523908375;0.98464
129;0.838731747;0.64814;1.19;0.977776054;0.5486;0.65935234;0.9884;0.029027971;0.83982
130;1.43246357;0.78153;1.10;0.916294384;0.5428;0.64281304;0.9525;0.382732822;0.87605
131;0.603242362;0.85328;0.92;0.836761775;0.4812;0.63604053;0.7278;0.363768476;0.95274
132;0.323325117;0.84766;0.94;0.802326061;0.35704;0.60061071;0.5938;0.227995778;1.02291
133;0.823564407;0.96681;0.90;0.800415299;0.41645;0.35740377;0.7679;0.255285071;0.92958
134;1.058195636;0.8438;0.65;0.623347176;0.3653;0.61767028;0.7173;0.30743906;0.77774
135;0.704560498;0.859;0.92;0.881559856;0.49649;0.54384595;0.765;0.539091019;1.09408
136;0.756333062;0.7734;0.71;0.752979934;0.57809;0.55022534;0.822;0.432717156;1.14254
137;0.878134809;0.73335;0.66;0.571008973;0.7197;0.62097696;0.8526;0.906020063;0.95393
138;1.018958745;0.931;0.83;0.691616663;0.57981;0.65168289;0.9088;0.639782569;0.84329
139;0.463899404;0.84558;0.84;0.789221067;0.53103;0.79058757;0.5281;0.609181231;0.79752
140;0.049449223;0.8143;1.00;0.787016914;0.35527;0.69248456;0.7132;0.452134091;0.99559
141;0.672066364;0.98131;0.68;0.750466971;0.29046;0.64752815;0.6695;0.305438806;0.93449
142;0.991420984;0.78402;0.97;0.715216166;0.35454;0.67134343;0.6912;0.166402362;1.01837
143;0.533299468;0.84438;1.09;0.926019853;0.56895;0.59943529;0.6809;0.27069255;1.04565
144;0.450829386;0.85121;0.68;0.93380202;0.74024;0.73734294;0.7254;0.21636501;0.86189
145;0.781217159;0.70605;0.59;0.94755508;0.74847;0.61568572;0.808;0.5414405;0.95112
146;0.990192948;0.61501;0.82;0.797071156;0.74503;0.60930601;1.0276;0.143146234;0.96443
147;0.958722285;0.81781;0.74;0.917167088;0.46914;0.64490472;0.8382;0.283958659;0.79921
148;0.232151653;0.6428;0.97;0.671697046;0.4634;0.4848615;0.6889;0.013056879;0.84514
149;0.236097567;0.84022;0.97;0.840916493;0.51888;0.48039514;0.7475;-0.301213003;0.79366
150;0.557770971;0.74956;1.01;0.970732894;0.45287;0.68270176;0.7763;-0.123713775;0.82336
151;0.712328447;0.68214;0.99;0.845718299;0.49329;0.53084953;0.736;0.063986768;0.96837
152;0.745362459;0.96205;0.96;0.663583621;0.72266;0.57220323;0.7664;0.052944725;1.1299
153;1.145124252;0.70051;1.04;0.702650233;0.57867;0.58705135;0.7358;-0.020644735;1.03463
154;0.874775535;0.84726;0.89;0.735578853;0.51931;0.53535183;0.5496;0.169266352;1.0152
155;0.74188804;0.79899;0.77;0.699556703;0.48865;0.66333802;0.7472;0.173814777;0.97672
156;0.864745117;0.6658;0.93;0.554781733;0.5168;0.71421277;0.7619;0.648287404;0.98756
157;0.470330365;0.82177;0.81;0.706569648;0.66735;0.63884461;0.7085;0.487317072;1.05185
158;0.724527986;0.75671;0.53;0.653736104;0.64547;0.55167585;0.6096;1.041481535;0.94618
159;0.93124699;0.67046;0.55;0.854427131;0.38112;0.48798636;0.3843;0.91083231;0.8161
160;0.817489462;0.70411;0.76;0.781754447;;0.52327262;0.5536;0.579895585;0.76498
161;0.720885548;0.8591;0.67;0.609579807;;0.38395096;0.5587;0.401120118;0.97101
162;0.875435341;0.74629;0.50;0.771400155;;0.37369206;0.5475;0.202818421;1.0627
163;1.261560908;0.75788;0.51;0.849130616;;0.45247895;0.747;-0.05841216;0.96203
164;1.198883652;0.70296;0.81;0.662417691;;0.48704612;0.7324;-0.085228619;0.8303
165;1.207401959;0.97911;0.64;0.693328815;;0.46820858;0.6448;-0.288260281;0.84026
166;1.126470262;;0.71;;;0.66145139;0.5112;0.054528211;0.85509
167;0.911210842;;;;;0.57298892;0.5128;0.076940387;0.84139
168;0.757808131;;;;;0.47942656;0.4126;0.045467623;0.73964
169;1.01038009;;;;;0.4164995;0.6337;0.508339152;0.70349
170;1.016170323;;;;;0.52863012;0.7522;0.866218284;0.87671
171;0.429547288;;;;;0.62505495;0.5323;;0.96808
172;0.430631011;;;;;0.77310432;0.6408;;1.08649
173;0.529996379;;;;;0.85828463;0.4599;;1.15281
174;0.710227006;;;;;0.65307711;0.5606;;0.91862
175;0.898046482;;;;;0.69633254;0.4701;;0.85825
176;0.506500089;;;;;0.68241828;0.399;;0.78641
177;0.920893047;;;;;0.60303949;0.4019;;0.93889
178;1.183595788;;;;;0.70483823;0.46;;0.9014
179;0.726732607;;;;;0.73398004;0.4145;;0.82006
180;0.516804329;;;;;0.46722896;0.4886;;0.81983
181;0.746071351;;;;;0.35338242;0.5327;;0.79968
182;1.013426286;;;;;0.35701773;0.5812;;0.75648
183;1.071394655;;;;;0.38451246;0.7487;;0.86525
184;0.891992739;;;;;0.40356308;0.5811;;0.98061
185;0.976920441;;;;;0.47690992;0.5001;;0.92299
186;0.515922412;;;;;0.49582908;0.5451;;0.78598
187;0.232070793;;;;;0.446131;0.6148;;0.89134
188;0.606780114;;;;;0.50223969;0.7275;;0.98672
189;0.769981334;;;;;0.44126507;0.6055;;0.88121
190;0.800504038;;;;;0.43639019;0.4332;;0.7963
191;0.735037282;;;;;0.47688742;0.5152;;0.9068
192;1.035999514;;;;;0.59049588;0.4674;;0.78683
193;0.865766266;;;;;0.62091119;0.4035;;0.93223
194;0.628141462;;;;;0.66957644;0.3557;;0.78244
195;0.658935048;;;;;0.32249943;0.5682;;0.68749
196;0.828551042;;;;;0.41179451;0.5332;;0.68157
197;0.720404215;;;;;0.2717209;0.5534;;0.73558
198;-0.071729547;;;;;0.34488347;0.6342;;0.79114
199;0.045956784;;;;;0.37162043;0.654;;0.77411
200;0.817742861;;;;;0.37152599;0.7388;;0.80589
201;0.995235378;;;;;0.45851499;0.6636;;0.66409
202;0.15785926;;;;;0.47267991;0.5196;;0.68614
203;0.229732069;;;;;0.5437497;0.5538;;0.73148
204;0.71517014;;;;;0.48237599;0.5437;;0.88357
205;0.972210014;;;;;0.47396018;0.3559;;0.82031
206;1.009467465;;;;;0.45996338;0.2305;;0.80221
207;0.18375918;;;;;0.51108986;0.3705;;0.70818
208;0.049992255;;;;;0.42921074;0.3671;;0.93608
209;0.575423549;;;;;0.37832997;0.4236;;0.97343
210;0.695100755;;;;;0.4025787;0.5161;;0.82378
211;0.844057899;;;;;0.26834345;0.4016;;0.63989
212;0.824041514;;;;;0.38316509;0.4585;;0.58137
213;1.011592868;;;;;0.291498;0.6022;;0.6352
214;0.834316647;;;;;0.56282509;0.726;;0.66621
215;0.746698401;;;;;0.53208367;0.629;;0.80148
216;0.645632901;;;;;0.45493751;0.5982;;1.03265
217;0.743879586;;;;;;0.2189;;0.83906
218;0.709768657;;;;;;0.1569;;0.75965
219;0.660471813;;;;;;0.317;;0.61568
220;-0.008755197;;;;;;0.2972;;0.55249
221;0.195629688;;;;;;0.3629;;0.62327
222;0.736310765;;;;;;0.2185;;0.68399
223;0.901845835;;;;;;0.3049;;0.68327
224;-0.105852992;;;;;;0.3434;;0.66301
225;-0.057890872;;;;;;0.1702;;0.66461
226;0.301264608;;;;;;0.4202;;0.88668
227;0.829357406;;;;;;0.4178;;0.99882
228;0.874917164;;;;;;0.1516;;1.01493
229;0.423640192;;;;;;0.107;;0.72961
230;0.549963152;;;;;;0.4724;;0.55504
231;0.523185387;;;;;;0.3065;;0.53624
232;0.885321358;;;;;;0.3584;;0.67161
233;0.940201986;;;;;;0.3544;;0.7571
234;0.968429712;;;;;;0.1825;;0.71547
235;0.222791159;;;;;;0.3795;;0.88238
236;0.167276013;;;;;;0.4504;;0.86121
237;0.534899084;;;;;;0.4298;;0.79036
238;0.856672347;;;;;;0.4094;;0.65054
239;0.544322933;;;;;;0.3292;;0.68359
240;0.543299867;;;;;;0.1964;;0.52933
241;1.009924512;;;;;;0.3786;;0.56802
242;1.076951538;;;;;;0.3297;;0.53326
243;0.446007526;;;;;;0.3132;;0.63173
244;0.299772659;;;;;;0.3186;;0.69903
245;0.757500874;;;;;;0.3916;;0.64013
246;0.95102563;;;;;;0.4131;;0.53431
247;0.532604316;;;;;;0.192;;0.57513
248;0.244664341;;;;;;0.1874;;0.57268
249;0.319011252;;;;;;0.2512;;0.53426
250;0.510436491;;;;;;;;0.62791
251;0.708362849;;;;;;;;0.57421
252;0.68109382;;;;;;;;0.65033
253;0.663840635;;;;;;;;0.54101
254;0.642383034;;;;;;;;0.70614
255;0.647408506;;;;;;;;0.60329
256;0.824062756;;;;;;;;0.62956
257;0.982846536;;;;;;;;0.53467
258;0.986843168;;;;;;;;0.67238
259;0.791140563;;;;;;;;0.71606
260;0.727040751;;;;;;;;0.6727
261;0.463198164;;;;;;;;0.85144
262;0.291482461;;;;;;;;0.76525
263;0.513416532;;;;;;;;0.84167
264;0.736268345;;;;;;;;0.74106
265;0.853631853;;;;;;;;0.74351
266;0.525999397;;;;;;;;0.80258
267;0.603446591;;;;;;;;0.66467
268;0.552935992;;;;;;;;0.6328
269;0.280979991;;;;;;;;0.57572
270;0.461906844;;;;;;;;0.6228
271;0.736485628;;;;;;;;0.76668
272;0.559804589;;;;;;;;0.75528
273;0.222082209;;;;;;;;0.7547
274;0.314409758;;;;;;;;0.57232
275;0.109587671;;;;;;;;0.43518
276;0.406445279;;;;;;;;0.43664
277;0.561060977;;;;;;;;0.44289
278;0.6651496;;;;;;;;0.59581
279;0.685807951;;;;;;;;0.69476
280;0.747939971;;;;;;;;0.71692
281;0.553757684;;;;;;;;0.59451
282;0.3014619;;;;;;;;0.75854
283;0.462195197;;;;;;;;0.70583
284;0.480428335;;;;;;;;0.75605
285;0.532852703;;;;;;;;0.72183
286;0.565463262;;;;;;;;0.48375
287;0.80631866;;;;;;;;0.60876
288;0.660279932;;;;;;;;0.68703
289;0.526667403;;;;;;;;0.82792
290;0.843785041;;;;;;;;0.79592
291;0.996815342;;;;;;;;0.58832
292;0.451448702;;;;;;;;0.51614
293;0.320487073;;;;;;;;0.58901
294;0.572615923;;;;;;;;0.50369
295;0.479876715;;;;;;;;0.60575
296;0.702270278;;;;;;;;0.51748
297;0.362770177;;;;;;;;0.49255
298;0.396275258;;;;;;;;0.44635
299;0.461767251;;;;;;;;0.65827
300;0.507910429;;;;;;;;0.60516
301;0.334977467;;;;;;;;0.49139
302;0.574689448;;;;;;;;0.61614
303;0.342684719;;;;;;;;0.50164
304;0.465512449;;;;;;;;0.5966
305;0.624727484;;;;;;;;0.64299
306;0.854541305;;;;;;;;0.73955
307;0.52457351;;;;;;;;0.70023
308;-0.131696107;;;;;;;;0.77817
309;-0.242612672;;;;;;;;0.79723
310;0.070815189;;;;;;;;
311;0.670481447;;;;;;;;
312;0.907522079;;;;;;;;
313;0.414249757;;;;;;;;
314;0.269541707;;;;;;;;
315;0.295243195;;;;;;;;
316;0.565174063;;;;;;;;
317;0.556309555;;;;;;;;
318;0.516435134;;;;;;;;
319;0.335175489;;;;;;;;
320;0.225289875;;;;;;;;
321;0.315312077;;;;;;;;
322;0.241235647;;;;;;;;
323;-0.006841799;;;;;;;;
324;0.185930715;;;;;;;;
325;0.540816579;;;;;;;;
326;0.929196586;;;;;;;;
327;0.467134709;;;;;;;;
328;0.36153194;;;;;;;;
329;0.319505234;;;;;;;;
330;0.262890529;;;;;;;;
331;0.309014226;;;;;;;;
332;0.482989749;;;;;;;;
333;0.549187347;;;;;;;;
334;-0.185739445;;;;;;;;
335;-0.302395027;;;;;;;;
336;0.059772285;;;;;;;;
337;0.237437379;;;;;;;;
338;0.372069783;;;;;;;;
339;0.423455855;;;;;;;;
340;0.543128759;;;;;;;;
341;0.516734101;;;;;;;;
342;0.369591843;;;;;;;;
343;0.425771103;;;;;;;;
344;0.621241089;;;;;;;;
345;0.847555183;;;;;;;;
346;0.358552312;;;;;;;;
347;0.290630111;;;;;;;;
348;0.558422804;;;;;;;;
349;0.730243924;;;;;;;;
350;0.484724445;;;;;;;;
351;0.331141926;;;;;;;;
352;0.696061887;;;;;;;;
353;0.541642197;;;;;;;;
354;0.350507182;;;;;;;;
355;0.637262793;;;;;;;;
356;0.506433483;;;;;;;;
357;0.247824703;;;;;;;;
358;0.20537102;;;;;;;;
359;0.167054385;;;;;;;;
360;0.378070607;;;;;;;;
361;0.155665625;;;;;;;;
362;-0.100804515;;;;;;;;
363;0.103397794;;;;;;;;
364;0.479731953;;;;;;;;
365;0.495209816;;;;;;;;
366;0.05007304;;;;;;;;
367;0.169788463;;;;;;;;
368;0.539171113;;;;;;;;
369;0.309866586;;;;;;;;
370;0.344578366;;;;;;;;
371;0.452869299;;;;;;;;
372;-0.079348227;;;;;;;;
373;0.218357085;;;;;;;;
374;0.773730694;;;;;;;;
375;0.709837176;;;;;;;;
376;0.160567357;;;;;;;;
377;0.189267779;;;;;;;;
378;0.291984813;;;;;;;;
379;0.075361617;;;;;;;;
380;0.008523804;;;;;;;;
381;0.461374094;;;;;;;;
382;0.402265828;;;;;;;;
383;-0.052959532;;;;;;;;
384;0.270988264;;;;;;;;
385;0.872080683;;;;;;;;
386;1.164949541;;;;;;;;
387;0.142906418;;;;;;;;
388;-0.155170877;;;;;;;;
389;0.171780477;;;;;;;;
390;0.544110926;;;;;;;;
391;0.943161567;;;;;;;;
392;0.195072521;;;;;;;;
393;0.033288577;;;;;;;;
394;0.592777099;;;;;;;;
395;0.415969795;;;;;;;;
396;0.013417984;;;;;;;;
397;0.367819549;;;;;;;;
398;0.626031737;;;;;;;;
399;0.641783066;;;;;;;;
400;0.054554041;;;;;;;;
401;-0.090534938;;;;;;;;
402;-0.017406819;;;;;;;;
403;0.078177097;;;;;;;;
404;0.595266873;;;;;;;;
405;0.858496914;;;;;;;;
406;0.177778452;;;;;;;;
407;-0.116061857;;;;;;;;
408;0.316359478;;;;;;;;
409;0.492097742;;;;;;;;
410;0.462564898;;;;;;;;
411;0.511878773;;;;;;;;
412;0.507795688;;;;;;;;
413;0.193355036;;;;;;;;
414;0.137336366;;;;;;;;
415;0.124959114;;;;;;;;
416;0.717612897;;;;;;;;
417;0.660905874;;;;;;;;
418;0.555529106;;;;;;;;
419;0.278036917;;;;;;;;
420;0.133321222;;;;;;;;
421;0.260056688;;;;;;;;
422;0.256502129;;;;;;;;
423;0.495783492;;;;;;;;
424;0.538473782;;;;;;;;
425;-0.103936742;;;;;;;;
426;0.070897367;;;;;;;;
427;0.257868927;;;;;;;;
428;0.432951099;;;;;;;;
429;0.186081958;;;;;;;;
430;0.023342839;;;;;;;;
431;0.254988381;;;;;;;;
432;0.35173834;;;;;;;;
433;0.340935613;;;;;;;;
434;0.078273128;;;;;;;;
435;0.30283949;;;;;;;;
436;0.366846278;;;;;;;;
437;0.154272455;;;;;;;;
438;0.056869568;;;;;;;;
439;0.346968136;;;;;;;;
440;0.549121611;;;;;;;;
441;0.146576076;;;;;;;;
442;-0.206925042;;;;;;;;
443;-0.113602553;;;;;;;;
444;0.584278602;;;;;;;;
445;0.620197777;;;;;;;;
446;0.708905797;;;;;;;;
447;0.741172972;;;;;;;;
448;0.063956934;;;;;;;;
449;-0.048902672;;;;;;;;
450;0.307004272;;;;;;;;
451;0.434200123;;;;;;;;
452;0.460225841;;;;;;;;
453;0.388455029;;;;;;;;
454;0.441345637;;;;;;;;
455;0.771029072;;;;;;;;
456;0.589222137;;;;;;;;
457;0.565036706;;;;;;;;
458;0.452734534;;;;;;;;
459;0.184246312;;;;;;;;
460;0.253524076;;;;;;;;
461;0.402863622;;;;;;;;
462;0.476315134;;;;;;;;
463;0.204047424;;;;;;;;
464;0.074753277;;;;;;;;
465;0.354229979;;;;;;;;
466;0.453479439;;;;;;;;
467;-0.111028102;;;;;;;;
468;0.259942053;;;;;;;;
469;0.483002778;;;;;;;;
470;0.409372373;;;;;;;;
471;0.323526586;;;;;;;;
472;0.438519347;;;;;;;;
473;0.017320913;;;;;;;;
474;-0.145845562;;;;;;;;
475;0.312682834;;;;;;;;
476;0.163614279;;;;;;;;
477;0.362932156;;;;;;;;
478;0.399904636;;;;;;;;
479;0.406085435;;;;;;;;
480;0.359760716;;;;;;;;
481;0.519743938;;;;;;;;
482;0.376359946;;;;;;;;
483;0.227187076;;;;;;;;
484;0.13959197;;;;;;;;
485;0.100347927;;;;;;;;
486;0.006190998;;;;;;;;
487;0.047950003;;;;;;;;
488;-0.567161693;;;;;;;;
489;-0.084745842;;;;;;;;
490;0.388264634;;;;;;;;
491;0.895883087;;;;;;;;
492;0.493822245;;;;;;;;
493;-0.074223105;;;;;;;;
494;0.16963603;;;;;;;;
495;0.081946265;;;;;;;;
496;0.286754013;;;;;;;;
497;0.482172925;;;;;;;;
498;0.442867182;;;;;;;;
499;0.333413895;;;;;;;;