,tcre,zec50,zec100
1230,1.9081410381952406,-0.1762012284336978,-0.30736947637556344
1715,1.2042982064244454,-0.14100916780234707,-0.17950638677745512
2658,2.19375662976011,0.5653411362941494,0.802064266037088
3898,2.135317381858558,0.7892658895100104,1.2027792817756366
5915,1.943801213626597,-0.1442631948836759,-0.18316539369809948
6306,1.9079607942282237,-0.07596904940682725,-0.055257853420400016
6661,1.867680596512694,0.16494878832533733,0.2949650144502711
7996,2.3073330952469684,-0.18786434215907688,-0.2833167179876228
8383,1.759935275640615,-0.024066305460935133,0.053266934054375215
9214,1.4372459435659812,-0.11830636665559902,-0.14069486304843926
9458,1.686733951143762,0.13754001530363613,0.20109469140292657
9680,1.3906804844487797,-0.12776804232854322,-0.14643420818402864
11811,1.7336507904327385,-0.24217316239981757,-0.33455491737145526
12179,1.7364407430758002,-0.04530254420591984,-0.039210797134409336
12349,2.0593452934328225,0.1366658022535896,0.2203061480185875
13729,2.024445631446338,0.018000211914678044,0.04214717774868815
14515,1.2748244787516383,-0.13450727154554887,-0.1715538318537666
14824,1.6653741045544648,0.28450203124081264,0.49774136052278606
15186,1.39600611888475,-0.12799972025331252,-0.13066954686675603
16767,1.50307415603933,-0.2048630243749785,-0.35062044111194024
17371,1.0944592023538056,-0.07452590868832076,-0.09593671679121551
17813,1.5839188553930015,-0.05015561154169301,-0.036698229733636234
19515,1.5934150912562501,-0.11828162130656805,-0.1295139526857767
23544,1.7214467679352758,-0.0036149002525813767,-0.025580088061550432
23590,1.6417451040359177,0.022142187671317703,-0.015367883595748921
25361,2.0952232306921603,0.019508900587581035,-0.08373362928509609
27136,1.2127593829631529,0.0365034814612446,0.047362183566174165
28108,1.7580562379790394,0.10513653469586193,0.03695629108809673
28578,1.3094669089420046,0.12969710773313636,0.2372042690489482
30306,1.22935282790529,0.13133634468239874,0.12094629985619476
37027,1.2696623907462206,-0.04373141342594855,-0.023955494221141516
41372,1.6147495907539466,0.20423187934459186,0.311303026126883
43444,1.1263168844855413,-0.0175488298298494,-0.021538742007712885
44501,1.3821985887554427,-0.062015202046359574,-0.07080034217957776
44778,1.778574586942358,-0.1777193858675381,-0.2896009372653867
45979,1.4213912321715636,-0.07831029523360522,-0.09669866362915203
46609,2.0022046668676174,-0.068274902727405,-0.08549861268198677
46634,1.2830929878504451,-0.11066481902116254,-0.1236804856116589
48679,1.7350833637372405,-0.2292774564038813,-0.3377356973298484
51558,1.3621341021719504,0.18575175452923132,0.2587349445938161
53424,1.9397599991572443,-0.13106949774250487,-0.17294189348567768
58185,1.4179432721915668,0.0006660747807227807,-0.09765699056709343
58814,1.6901711012041118,0.10909141950777101,0.15646790985347336
61215,1.5845162306918865,-0.05327341923239515,-0.030929505541930524
61316,1.8920679157683706,-0.13839594749760242,-0.1905313878460253
62962,1.7494854829421023,0.048272152475060004,-0.008547554898657328
66380,1.9620449143507417,-0.09670047888166788,-0.14854364523928543
67109,1.5046684775839425,0.1718390210301679,0.26629792626025917
73454,1.0853446462824325,-0.008111835402182521,-0.01449493593713247
74441,0.954327941888061,-0.03534923089472619,-0.053391594696044375
74805,1.6180603293039257,-0.03108899089865158,-0.032898949216737305
77060,1.3449430193453948,0.1502740438535597,0.23324591209258982
81590,1.3128704750683433,-0.1337075705943207,-0.1763191659210681
82942,1.4641175152598054,-0.10169934142554737,-0.11868947487828763
83449,2.11653094726768,0.4808662667830079,0.6406464832916829
84839,1.9862590178572688,-0.035161105350265176,-0.11683722416719955
89645,1.4265823559282342,-0.11906894219014874,-0.19563165652421
90101,1.3252095770854764,-0.17534387537044438,-0.23053059838080991
92941,2.2344575443277552,0.28857848400502606,0.27493298188369675
94283,2.047246559491894,-0.008290050389110792,-0.10776801303147909
95889,1.7566868900618668,0.3507573226096028,0.4328460576800057
96217,1.5032712591946817,-0.18981445771677397,-0.22659400556622167
98882,1.2052504446344292,-0.07491006726532934,-0.073869081180435
101087,1.8258051139695939,-0.25656920121304627,-0.3752297311489028
102196,1.2074855042182002,-0.025909126503594004,-0.057799738838240966
103238,1.5372349934029208,-0.15688659189900767,-0.276494558199186
104018,1.3190958587717057,-0.007401503588462921,0.013536724441865822
104047,1.5706374764895228,-0.12122744512620365,-0.23863556483477977
104455,1.743075861993413,0.3932377104288378,0.6625586534350825
104698,1.6322884626823382,0.0728073233873443,0.10812120077777676
105860,1.6097499561454112,0.2023507295254685,0.21189121064323757
107761,1.5217467739310742,-0.11221772598507984,-0.1344962090886439
107817,2.0099018346307354,-0.22083967728635523,-0.30165166522506626
111839,1.214888336294967,-0.1371813338319372,-0.19509653012063866
113632,1.8039357067707067,-0.03896427252740531,-0.05419337426119397
113811,1.8827643174527313,-0.0077809280728571295,-0.07176686741935123
114151,1.4968847636399412,-0.12899956276283264,-0.17585926404540553
116975,1.4324003877165343,-0.12110326606895083,-0.15921910610389123
118983,1.5922878497346606,0.12167581377107184,0.20200284764225063
121134,1.7114847331758645,-0.07581878044218615,-0.08816874619474224
123476,1.2722485248692408,-0.0969241495085591,-0.15359538933397943
123643,1.7771251401273929,0.3777098544355062,0.4977077897449851
125351,2.057634480661064,0.1143410118363346,0.2132494548580408
127438,1.3327407547012065,-0.1399645414886992,-0.1918616699839535
128300,1.4042539133588077,-0.08117859302492691,-0.13177825930914655
130075,1.6108984928674313,0.028264956292457954,0.10994126242553737
130293,1.4051980301708744,-0.11698307504354943,-0.113650802342119
130510,1.5284900314495953,0.22372301324724342,0.3710601756558207
131918,1.2101871391039325,0.06099144053721961,0.0359304139253811
134912,1.5507455324546182,-0.15420765178072893,-0.1811269604482486
137878,1.3718618298789855,0.10054478916143084,0.1693676560222659
139571,1.7011314982530612,0.06600912011213,0.11371299855922978
141797,1.4122862706161279,-0.1972835458263167,-0.2866850801150589
142057,1.0448216285590834,-0.014331543337811059,-0.042848233424088056
142944,1.363042408031538,0.03876541585907378,0.025447606577628346
145129,1.3584655909108057,0.1325820175181751,0.22485457308176904
146882,1.6443456014245195,0.11393320003070317,0.13060968837841025
150552,1.7136011160410094,-0.06557864104335831,-0.09206678282730008
152550,1.7530819710649415,0.34742336564410614,0.30746717256546185
152764,2.030204663108073,0.1768009683017473,0.31487446152242216
153292,1.94603978491702,0.11393729910294992,0.10359684926671164
154026,1.4413483974561152,-0.12346517803863977,-0.13325668617969355
154954,1.2036386230734577,-0.0277131975733933,-0.018770784321827216
155715,1.466351290060337,0.13369954692441532,0.2707242354172923
155878,1.9070803006974324,0.3296346121225784,0.43445710259831616
159310,1.0871410784759044,0.004008596362404138,0.011691751646017767
159504,0.9822364769353027,-0.016613656950290157,-0.03716059481381495
162127,1.7708292510925976,0.16022128214829934,0.212511539881177
163241,1.3642637915724618,0.058010651203818986,0.10176691045627706
163559,1.4904733077723302,-0.03343185217822331,-0.01866572111260023
165730,1.7470929819879986,0.5485014921685318,0.8372500671212546
166241,1.157244339268672,0.03465514778665524,0.048384044458977815
166644,1.9605788740803656,0.2606151709156208,0.3515431544908001
169318,1.7005078636334672,0.08196663808435689,0.14591546210457462
170382,2.0819464783188897,-0.15338093761307658,-0.3002762105532648
172490,1.5712526436629903,-0.12658911469783396,-0.212148454291063
173678,1.9176942187993988,0.09771278882281997,0.1857629914634602
177257,1.7538481489114737,0.11908420013952448,0.12108735519423397
177693,1.4399711536627358,0.0554693712859764,0.13338368293029568
180872,1.488791727762682,-0.13162512809821902,-0.16963512055054264
182764,1.5253236049078036,0.034346483180830445,0.007784757894903738
183088,1.6758726747364274,0.0665112184984078,0.00031549643112893655
184356,1.4590786471986208,0.015130746878507129,0.01763870036599524
185472,1.3790902452799167,0.011222655732663123,0.027979705087326945
187405,2.180115624696711,0.22021436787288184,0.4007176564488444
187454,1.8199002457575904,-0.01792955238950844,0.009060493241326961
190510,2.3097796906822676,0.23322118268277148,0.4123882127834677
190811,1.3887546266052606,0.003655811210179216,0.02211723173322011
192189,1.3929883533628888,-0.07494399870572144,-0.05699511659651901
192403,1.3354289371966497,-0.11813626021925017,-0.14334292876845844
194039,1.4514838389522826,-0.09894148249826928,-0.10560403061977519
194898,1.3673170339033431,0.2167803526594967,0.28729941535768466
198705,1.4926596277752644,0.14942296255745768,0.24483147213928058
202437,1.6494911253613305,-0.27473107526069507,-0.35532590428083966
202501,1.7214469362547753,0.11416818936664197,0.017182094950672466
202505,2.6677324149816037,0.3237229861265809,0.38856629543943555
207769,1.2604470210301633,-0.027081291008021813,-0.041239575440716436
209990,1.460933157192017,-0.1823306742168791,-0.2508680737918627
210600,1.1772184033376691,0.06701698314662918,0.07198349257810421
212348,1.3905918630439196,-0.04957704979538469,-0.04842407206616772
212504,1.503022492428689,-0.09064662635278009,-0.17521774955538016
212887,1.5053416684286314,0.03493545212494409,0.12842208660284715
213081,1.441627592349192,-0.017526146162441858,-0.0773325388228916
213589,1.8166389706865214,-0.0318692363424693,-0.1326360440962655
215177,1.3476699909573893,-0.0812019090850995,-0.1645348530824573
216230,1.4847993326126938,-0.15401004216702296,-0.17100281168960785
217600,1.1338575142287255,-0.05846856901331465,-0.07458042425575417
217680,1.3630544274411602,-0.10752960433576364,-0.1859997302753702
220193,1.5694539804904866,-0.039346024204272245,-0.013533015994578346
220966,1.2923045890307852,0.07332305248870807,0.1340805112819652
223501,1.9640661907071642,0.055825644042377,0.14700912547411016
225503,1.3074705737281118,-0.061386176783920776,-0.12133308788273545
226274,1.7254702955410315,-0.011937514734119858,-0.1070928895116503
226944,1.9411864870576767,0.031148426039871557,0.04963499927321968
227002,1.5073640328805835,0.030521239487808716,0.05726437415739527
228511,2.1890902689318463,-0.08158490932819618,-0.17531258532693483
229290,2.087596387362177,0.008455921255636767,-0.04810016676770701
230508,1.279232509430917,-0.1312172319565137,-0.15915473823196113
231348,2.169447745023023,0.014580990278856731,0.03198413305643477
234533,1.2296740238480803,0.0033999297305111753,-0.0036448018822232697
236168,1.6406140647547498,-0.043960751840679935,-0.03397275234093988
238436,1.032266320046993,-0.04307113858491951,-0.05653033362750559
238665,1.1692262131147995,0.018060062818046063,0.025544871080115827
240012,1.367565868745331,-0.0043655845965449025,0.04236064074299817
241899,2.022404013997755,0.01685750580098766,0.10384141173182915
243453,1.551153869726649,-0.04420872469567083,-0.0326327866192635
252049,1.840188012215961,0.27102547446115244,0.3568199204021436
253588,1.8136596495593997,-0.043003012167853516,0.014269960161383821
253983,1.1818778451594865,0.10381324367917255,0.17542491161737161
255460,1.5469475309477725,0.14133118803954914,0.2300806959144599
256757,1.6595070248856778,0.09109664151797259,0.14280453058957288
260945,1.5007630071252873,-0.025928240962180604,-0.005973142541939813
262404,1.3616052615763259,-0.09238121778320907,-0.11631492131816912
266399,1.3354575852875132,0.0015240913631899833,0.02511304550351956
266582,1.9684650856794206,-0.04305884065898713,-0.13229873298623862
267598,1.522161710908213,-0.05908854750609427,-0.04977946379444953
268590,1.3216301685190621,-0.13690095650141676,-0.2487973559587715
270240,1.4990412826072375,0.0465197423478656,0.08350124928851277
270339,1.5667199738034738,-0.02026505374092724,0.0023272091206929524
274614,1.7087486226798891,-0.06913342708156778,-0.11728044625821132
278796,1.8222960209080479,0.3556837273191693,0.5526354715536002
281036,1.495376493723047,-0.09709156734749214,-0.11664536288522398
282915,1.3608684312082813,-0.04402702360406541,-0.05435793830871072
283722,1.4092218404732637,-0.15939215581891952,-0.1935156207690587
284556,1.639691199890058,-0.26796612569060585,-0.3917650801635275
286794,1.5507252005001586,-0.05269034274605988,-0.06545260335798098
287872,1.2600655587571448,-0.009523280512331755,0.012425714408717203
289433,1.3784994635777537,-0.038902508509368605,-0.005577694068626071
291399,1.8949933144313076,-0.08837282196161667,-0.14629915432337848
293213,1.5066771398641254,-0.022332745192292558,0.009257279893064574
294331,1.8451243031463191,0.05259543153818158,-0.03910896296654065
295184,1.2737021353343172,-0.07250609925524931,-0.056788419153394054
295308,1.8460663057654982,0.18656750741675454,0.20984933334782196
295377,2.0735407117085622,0.29699038144673295,0.46080593020411964
295888,1.3193699163832127,0.05320311944212763,0.07469710967467313
296233,1.5540799482995378,-0.041562807785779254,-0.014569931295832061
296477,1.578652452171243,-0.007593857892012057,-0.019473413805112028
297672,1.7239700598848091,0.10010589555667648,0.17972643483910988
298383,1.6468647808683141,0.006238167706229314,-0.09681748013673253
299646,1.2674720350440698,-0.10136820735069008,-0.15263339362802641
300101,1.4859260193090822,-0.12443460650477056,-0.19962656108886523
300622,1.8270138973840784,-0.02290452601746029,0.04978520378123075
305456,1.5812733406213164,-0.08564013227139133,-0.10380005886051036
306056,1.7933414171169055,-0.1610960108391264,-0.21025704836287207
306146,1.7906245727122825,-0.02794410320816465,-9.346980638924585e-05
307684,1.9229691574028562,-0.1921584861344745,-0.2229094392138442
311918,1.199558086149483,0.0345485504212546,0.05306015076778792
312631,1.5243486519858616,-0.021388402808097284,0.0054385383386761355
314149,1.3259705337362975,-0.10929593175707208,-0.14366201714833116
314320,1.741305209510142,0.292018942050986,0.47563742671689746
316272,1.6565189543434984,-0.10137703290381461,-0.13268219272685666
320608,1.879249756031641,0.42052286424244967,0.6974735441270123
322199,1.8644689614109093,0.09552716037570663,0.02494141360906954
323187,1.2018423779563185,-0.11667392853486391,-0.15002264987614655
327130,2.005015084297799,-0.0994190062486009,-0.15938821243277324
327916,1.3758036890885048,-0.09378195196768924,-0.12322917079994089
328301,2.209623691620774,-0.006462518604879008,-0.01992764024329796
332426,1.7387828972732091,-0.11134474773240832,-0.14813956650833937
332518,1.266421226258832,-0.07068385265355981,-0.09533257985333177
335756,1.657052039150127,0.1348309713510707,0.2644344516574024
341214,1.902483626126601,0.3703361616619385,0.604755968343345
341408,1.6316647680591718,-0.19998568128122374,-0.2546191420130255
341477,1.3382591638343178,-0.2276430725002101,-0.2882098083897724
345761,1.6089339073826368,-0.08113585575251903,-0.11175014877017131
346347,0.9523327659492237,-0.032907005749131524,-0.03097251734548745
349484,1.8510285431526226,-0.07158071401531285,-0.1091906605315629
349610,0.9938966860698714,-0.07928305112215539,-0.09991993981815783
353061,1.18154034319153,-0.160761584527791,-0.20642808135608515
353638,1.4870653625181145,-0.11733196838593973,-0.19140296104916676
354576,1.221272013358198,-0.16617438181793753,-0.22503953754791284
357627,1.4146546897598051,-0.19005801478854312,-0.2579739580414053
357727,1.2697894291695198,-0.17019791426838293,-0.21072691590365378
358112,1.762161645667851,-0.07730599652875036,-0.04618825835158513
358274,1.848691964878403,-0.22154178093647636,-0.33912784453599465
361242,1.309364140416485,0.0008757776613150803,0.026346423324923984
361629,1.1183993740849962,-0.02383483841810574,-0.01581826469887071
363969,1.3399746421959466,-0.20818011830121597,-0.2816362450193035
364301,1.3116578263139467,-0.1192311668709034,-0.15361773934978173
368505,1.8759492940066052,0.4264039109886453,0.7219730934208404
373446,1.4209681844743571,0.1542200369461002,0.22106518882396387
374262,1.711763131931072,0.09671559408257524,0.15519465472085114
376642,1.2255689183068867,-0.019911281295195593,-0.0010363997557847338
376799,1.546096977539322,-0.08446667277249365,-0.08073943191028743
377223,1.938806901082501,0.12024317028036946,0.11845851863946577
377723,1.7886549429144605,-0.22554984436809922,-0.339155568517332
379415,1.4020581429768764,0.0010727376527270849,0.0033634050389195203
380144,1.249077554020797,0.005457932493012629,0.053495802872166154
380891,1.6690670347232532,0.29877677596032504,0.46686839810477454
380962,1.7264546084453036,0.020984027036805353,0.0370041148182485
384833,2.095116917033373,-0.07748325534046563,-0.14486566069616802
387248,1.7435280300793021,0.07976358849977006,0.08070600636717717
389662,1.7338582280721508,0.2711330810429966,0.5160531759736462
391088,1.34126253075969,-0.034536404079494654,-0.04183337477112592
392003,1.5582230998822202,-0.1002770989664592,-0.12014685345968057
394288,1.2634329054955145,-0.08244463346332997,-0.13672308059706406
396632,1.5680932533334062,-0.16199215345371232,-0.23942310823605983
396904,1.7735542014059433,-0.06585927195393815,-0.15449194259886445
404395,1.465331074837388,0.07121596133333385,0.18166604698039301
407025,1.564724113341536,0.10895726056122057,0.24318301403345877
408782,1.5808746816404688,0.1679154627026216,0.20407556794356285
409795,1.5619769132664585,0.24046938560731346,0.24740349607975354
410398,1.6090237368934042,-0.11999537494292101,-0.16383715354170136
410573,1.7207325350698073,-0.05096427954150595,-0.1063055776326498
411521,1.9870741760354438,0.18235871373197154,0.2409429110878052
411784,1.7101611423802197,0.19032419577487136,0.3724946108413154
414713,1.8165012060322716,-0.1803832044392888,-0.3146026561091426
414911,2.0508165375474325,-0.16637259439598306,-0.22997574907934615
415348,1.5213584271107252,-0.0009668141052410206,-0.03522274660740665
415695,1.4010691685652226,0.11477017756205865,0.2401541604470141
415971,1.7721254266262048,0.07637223534067394,0.04909904938904641
419064,1.6136311289248384,0.14654226743800636,0.17937466543372338
420758,1.4557547453107256,-0.11382018277179995,-0.16242303603689678
422055,1.610998868843643,-0.07619507875990195,-0.08384177692691686
423600,2.034196429058364,0.09653527501027082,0.14813507966831763
424420,1.77488722281292,0.058482229829645904,0.13663499734253248
425645,1.7056671850121057,-0.09450594191843242,-0.11259796383714904
427860,1.2878684163969367,-0.167060301015739,-0.2378015473684456
428572,1.3257907859739924,-0.07384663090861299,-0.11259741776648413
429954,2.3838090656961857,-0.11790628425510619,-0.26562279687159185
430927,1.4306704124845613,0.04855071016467316,0.0789228229677823
434213,1.427796675390322,-0.0243354855798521,-0.08887617192553598
434350,1.6371413997956223,-0.10712056680859017,-0.12073079220238303
434933,1.1703798919620154,0.09342195319196867,0.10136811202249918
435374,1.5013325513162126,-0.02569634398625431,-0.004722483594681748
435676,1.6531811216565264,0.09146622896841983,0.13898505364043512
436391,1.9212080217226786,-0.0465953783269597,-0.09623702927701938
437308,1.4531816771095385,-0.10334345920320276,-0.14493531539522442
437750,1.659148022105372,-0.03739524653108517,-0.08295849392930243
438030,1.9434432382738809,0.09141141146307863,0.07914560936884962
439990,2.282072499424909,0.6363338578460369,0.9037044099758105
442966,1.5420652991158093,-0.10940046950056592,-0.0992321988159941
447794,1.2253846091967997,-0.1190781407680439,-0.12465727092994872
448611,1.7347430434378626,0.2453602888099129,0.40087917982067345
449068,1.6846808986504636,-0.14370325433678088,-0.25270485435682866
452966,1.208242985730499,0.018060141872492608,0.06708523872051764
455808,1.8156951138344535,-0.011087030567144218,0.04378651809201339
456954,1.7386214157996682,-0.11310971358092914,-0.1473023328819043
458333,1.250720676745071,-0.17870546005785504,-0.25222833619977614
460927,1.8179235100032483,0.35592555197367304,0.583871684001938
467320,1.5319677928239235,0.025465024776114564,0.09848182050818277
468305,1.177040761177825,-0.09573171054855423,-0.11727325544174994
469942,1.5554750478506914,-0.1855464788307768,-0.2338758791026727
473697,1.145304156269908,-0.011924241076060493,0.019840051661370595
474225,1.8866979906234498,-0.09373398521187193,-0.12622636188282854
475062,1.3629941396259067,-0.12183788029614706,-0.15163266316422508
475100,1.1166220400473539,-0.053635281837126625,-0.07143660703726806
478243,1.4744418861399886,-0.12016890814977588,-0.1107840043129924
478548,1.6202318759281034,-0.029430085295821584,-0.04527028588725224
480583,1.4119065245127136,-0.1477218804691931,-0.1804298618686293
480892,1.6136973012204303,-0.10581602730100736,-0.1992577243128384
482727,1.5951866248473192,-0.012309752027708454,-0.1127420914535242
483046,1.8869326658290968,-0.13044428884851555,-0.19902494610220178
484904,1.377544958483823,-0.13629032327583612,-0.1611364191867739
485815,1.9884500734570996,0.1692028159834269,0.15834077942554314
489212,1.404952014047833,-0.03602884574795118,-0.10651218075176327
491473,1.4163279529183734,-0.10671117423006748,-0.18911951875690414
493650,1.5612015554076164,0.030011324926332295,-0.017106624265521342
494463,1.2702737778974647,-0.05434835339972821,-0.05633520675079429
496793,1.4131697128256326,0.01771534749090664,-0.07590957743369908
504818,1.063024601472594,0.00966740784407305,0.00837124836500669
506096,1.9462808729222139,0.05434970497487179,-0.052287028060481466
506173,1.502194636758186,-0.04398259598538057,-0.12175496975196887
508393,2.2483866642527306,0.34941293881467717,0.36374169021589386
510433,1.828878030036122,-0.09329197145298473,-0.05979375167551004
510670,1.7963018774850503,-0.035399258027059455,-0.027842929599450672
510700,1.821181987617549,0.25308777199098254,0.35547532320398423
512105,1.6700204027645325,0.03383033889439169,0.11443529505655459
514949,1.7078740124767435,0.326274356750899,0.5284941338427271
515426,1.7350068941115362,-0.023855966731438638,-0.03150549142371717
518599,1.3141827416191119,-0.08102081806418382,-0.13290311233376761
518855,2.047968597727095,-0.1712750572385704,-0.2884589527602821
522059,2.261423156906376,-0.10806136761864815,-0.14017955009660543
522076,1.3032412514509941,-0.1400875588986057,-0.18467662231747473
523440,1.7533767845496295,-0.06542921928589607,-0.15938806904697067
525936,1.7456697299624193,-0.1775649505810304,-0.2117483312621362
526670,1.9018121718664682,-0.12726506609078903,-0.2308114782139008
529708,1.2347478481292449,-0.058688222984822014,-0.13083382036978874
530847,1.4673882173892616,0.016839558922598252,0.07467030321248513
531119,1.35916861539862,0.162871721371598,0.2886275156657365
531455,2.0466783673820834,-0.04508786411247323,-0.02525203154584643
533050,1.779485786257909,0.25275195259110594,0.30176762079650077
535214,1.4848755993842444,-0.00712954220145523,-0.019808618985594162
535271,1.8355314368870208,0.24433978043862403,0.47843949975566913
535484,2.048910686265212,-0.028642964445630525,-0.04537922538150907
537267,1.6650469158290049,0.22149018690986466,0.3538311590488825
541517,1.5517480385456952,0.042285717730064176,0.08612134341595179
542154,2.0609267889733305,0.0016407150633468426,-0.04646346574380633
545773,1.3134716868153549,0.05925006465998406,0.08636403887948063
545900,2.2080443710225937,-0.02356504398007475,-0.05856226970218659
546944,1.832558877313521,0.19827429448149636,0.3245765157752796
547592,1.3215327451028664,-0.08278561867817169,-0.17963643513713756
548262,1.2491910636625407,-0.07841726448941921,-0.09091343475314151
553052,1.72161802480457,0.012353406939253686,0.019486932119074485
553074,1.4520691852260528,0.0448713453768117,0.04030452416343877
553531,1.5232864486674464,0.17956821909417786,0.2325623817184117
553845,1.6659071614588115,-0.04577033204832537,-0.08997360938989796
554629,1.6275110732667584,0.0745132837703717,0.14155944302404855
554719,1.6129679816783866,0.08079295096912298,0.17360114379828606
555062,2.0171094633825835,0.2682217234340438,0.4143251740447833
556606,1.335102210024644,-0.028339889068242474,-0.05099390556247485
560408,1.8655923222128041,-0.1454165338295359,-0.25058601088232924
561977,1.6742480653968879,-0.03982168119920271,-0.01032990283470836
562412,1.3700733326969274,-0.09847227312961748,-0.1124611166271916
564614,1.1006103126240747,-0.13423337710423766,-0.15620515938648416
565617,1.5655011399996974,0.020606121536791866,0.019863597551622814
565777,1.780826398171452,-0.09851919148882393,-0.11618122773495498
569943,1.1614632408037557,-0.12324346073657444,-0.14712240674197874
570095,1.558248169342681,0.18431250944518096,0.29094315423130057
570392,1.6551653598002154,-0.10489091165302611,-0.10386148546898766
571118,1.9477666379122243,0.010148315835083244,0.051169952105177385
572960,1.7936210489228532,0.05851594498593049,0.14616362604737332
574696,1.1452344404740984,-0.042085930433968244,-0.09669427816042209
574938,1.800027865209082,0.03434298386948331,0.06893788586823102
575211,1.3821717033141196,-0.009502285942210698,0.0351672110736434
575751,1.8198900474968258,0.34085243460635395,0.31102070809732085
577143,2.530457797915549,-0.04203147104713656,-0.23168975829872762
581886,1.2010631316238725,-0.23737263717373613,-0.32543150206990257
584125,1.5417393489665339,-0.12992174536069445,-0.1950164013732869
588486,2.1066963822444458,-0.01559185223372328,-0.02966247898340324
589573,1.4711811817894391,0.21778624742133657,0.3216754508485349
590415,1.393230512205294,0.06849902445021172,0.018497149029931048
590503,1.1840990972588203,-0.15600417113373344,-0.194830203879101
592232,1.5695808166199654,0.09835209665842837,0.18839109549390054
593486,1.922682136739122,0.19648071593803218,0.3004853397102476
593531,0.9832891386158361,-0.10182668246811499,-0.1628404444837268
593885,1.3399879491335365,0.05695282574524274,0.11229162621610955
594234,2.2537443785052753,0.17854830454336224,0.04520782704652371
594921,1.3076309512378388,-0.11802968921752632,-0.1636326371334169
596546,1.6163363470390633,0.09604989893760973,0.0780209372073073
597551,1.236154049400317,0.004835062292127379,-0.011741113922616897
599156,1.968071133527184,0.20147433728392605,0.2696991484742586
600985,1.3701990989502295,0.10885742629421746,0.1783567257812666
605705,1.3014418889696764,-0.15012601495025835,-0.24042721016159274
605887,1.5016169157670711,-0.0910262262928665,-0.12126427393961459
607382,1.7332265282103554,0.19684052505621108,0.1747199173515055
610788,1.1606143409969596,-0.02475289620472143,-0.052095112067428895
613713,1.4714479250990016,-0.07454487125384945,-0.12218233455326177
613945,1.4632910680000688,-0.18146223740230738,-0.30855633947479055
615686,1.4707689208461348,-0.1605235581879627,-0.17627691309134152
616439,1.320440297965391,-0.18694497361799778,-0.26363621296568884
618706,1.624598312506865,0.3852341630694931,0.7116419871562831
619591,1.679318165656619,-0.1535394960219567,-0.19171840969312015
619822,1.947646383683041,-0.12883632361470498,-0.23233945295473268
622249,1.2483117471730205,-0.08178313699722262,-0.11103461420201888
626076,1.4695009438558664,0.15462484771048146,0.13961643874432395
626232,1.9002964471026105,0.3723964097333101,0.641213204111684
626401,1.4233824391491654,-0.21312133139387623,-0.26417131053734777
626418,1.6194903267058216,0.2381665122454104,0.45049270786470585
628230,1.8728510855632312,0.09872728336508763,0.09604150988085292
628565,1.476355936300982,0.07919349762580374,0.01957335397164761
628584,2.5604009033503567,0.08181051124165073,-0.0830884706504138
628795,1.3410999061908373,-0.08522470682248251,-0.14780400913876734
628873,1.446237148328969,0.02111148854728384,0.028054454146096752
629783,2.480529604710505,0.5989247270486362,0.7776005553497183
631109,1.205941851347543,-0.028531379658874423,-0.03018563890304682
632564,1.2993150912830709,-0.01307801870677694,-0.063217091204532
635020,1.770764798745432,0.4697694438593789,0.6799634546866651
637354,1.6309912691501598,0.04908668680466577,0.12982543745285713
639348,1.728904006922224,0.16757829798050938,0.2638563817087003
641196,1.324023426488945,0.0965312843564261,0.18509209677105765
642850,1.486337338578552,0.02740999706393943,0.08777214331505201
645535,1.454245362162444,-0.09093025016206835,-0.14852233482159138
645858,1.5582185344224286,-0.09850577280368977,-0.1738834551490025
648478,1.8757883144979208,0.46398956265873914,0.6496112576315125
648861,1.7844264061598647,-0.09357701194209178,-0.10333890849763061
649530,1.6886191234504904,-0.06023200402827378,-0.05807699892073526
651342,1.68086878213739,-0.13274998663271798,-0.20444094111598776
652802,1.5763177690377044,-0.06216066791421104,-0.14466772727380106
653667,1.3609533821379407,-0.14213862089518914,-0.18977368056691368
654529,1.497707763771492,-0.10337078413261924,-0.0990399331753331
657433,2.1400300663197322,-0.05707363130668597,-0.20954143989905827
658680,1.6858290196112413,0.016946135473444812,0.0537891749975663
659588,1.6749633846298864,0.002812484009727667,0.04035253446605869
661089,1.1132389316369014,-0.04709020723202495,-0.08374205427956816
662897,1.6581724613900841,-0.03956570982946839,-0.03729201914333702
662996,1.5332400820084815,0.11466344522143102,0.0961568935325301
663554,1.657307260344377,-0.10888464989042568,-0.18446941868616906
665921,1.434436346023053,0.2901944472348097,0.4918745727783551
676353,2.137063744979696,0.12471544171311155,0.23661072704021846
678901,2.5534131914454306,0.018673577145956077,-0.02013567332215027
682419,1.8736379424880354,0.25980312459993016,0.3492277096178382
687163,1.280817215012709,-0.01052809050528003,-0.03629837348805576
687265,1.3917340150094633,-0.12582662320273874,-0.22846861775426208
688066,1.6431660487678217,-0.1888063922086587,-0.2560423832132055
688284,1.5018027886585659,-0.056825520118896966,-0.12117322465534786
688408,1.5590698133081426,0.048720231534739034,0.14781344100595661
693500,1.9188118224988657,0.0037277222795912834,0.024934072769851268
693603,1.859286267726713,0.3401112948430609,0.5964348046401708
695439,1.3355601152882315,-0.16119630915019134,-0.2265221687149115
695747,1.0925756175298937,-0.06022875307570463,-0.06384924392816527
695996,1.4307318727398008,0.05564973579637478,0.10056136265898274
698412,1.9245378255420547,-0.020742733299506266,-0.017956911309300327
701112,1.5195408777476356,-0.21181210979438525,-0.31189152333047243
701745,1.8389656778139878,-0.08723141927558542,-0.08653071356563724
703836,2.0784925758615547,0.20035360290441284,0.34651065348327803
711517,1.2518842584916547,0.035364845922984056,0.05782630217059359
712600,1.3267434807350327,-0.02575202505641272,-0.07555996082607419
714269,2.2601586516691157,-0.1940569831695429,-0.28441409101015935
714784,1.6353555092598568,0.22656020807594013,0.3375335591311843
715168,1.9145182315156954,0.06382209071524092,0.13200502210571252
715684,1.699327982884372,-0.024781079761970748,-0.05501495537846002
719702,1.4526983249684615,-0.04101749862165427,-0.013438460923766549
722516,1.3687995502745138,0.06816053151223223,0.09570665001588541
722828,1.2988494292958053,-0.030721744395350692,-0.05370673739635956
723180,1.88544897933599,0.21737675802426226,0.1914286465387689
727926,1.9829101195874046,0.22929516480068357,0.33862301430253106
727939,1.1981572834421428,-0.08437572694628992,-0.11768720156709289
731495,2.1386241107704373,0.21723892064881767,0.39897686824372913
732495,1.6655824116127158,0.1777542041428013,0.3000303801603612
732818,1.7659152745065083,0.11238179835057305,0.20033072847463873
732892,1.1843166066401412,-0.05294528833486778,-0.04165158845556882
733681,2.222304136036466,0.06081230032496476,0.006082242436055374
734596,1.2582441899717498,0.05368736142270203,0.10138070686559608
737700,1.5090024489026386,-0.06506973014363338,-0.09459402908130254
737701,1.1144345518504946,0.009965345741038911,0.041685072108389454
740411,1.1672548375069551,-0.12301173160457757,-0.2111046292597204
741413,1.4227395412006472,-0.20807419718138997,-0.29937070527610543
742894,1.4148672483433817,-0.0566265501566543,-0.0729255764556751
743724,1.4400394703537636,0.18605003422026312,0.29359170087082975
747412,1.4584044434414927,-0.22829555538083568,-0.32269453173834695
748348,1.2588283263752278,0.002613739760919831,0.040151608501775016
748728,1.3208844540857534,0.006384977931428448,0.012758849044246956
751572,1.9753380398316986,0.4619641124278109,0.6831522139704644
751697,2.2686900852873655,0.09439558027534334,-0.031036245100592996
753081,1.8896336782135847,0.3837682070580102,0.5086346687744951
753233,1.580012706059737,-0.24257644576191728,-0.39976515553158776
754392,1.6398176772892379,-0.05477954934988971,-0.10857438076317671
754420,1.1885236856782921,0.019291150221097952,0.038257468794751226
754917,1.3249768669848476,-0.08085145608904476,-0.10927188139126587
755432,1.6050774273158865,-0.2159285511752862,-0.3130246231280478
755648,1.4607315069077542,0.05246252930274942,0.08584394919765215
755811,1.5655848058465214,0.10351039210227708,0.1965754424352888
757187,1.3323006535621158,-0.10528373229032151,-0.17899447288843362
757249,1.4359699242408408,-0.012227992488099027,-0.03760394794619759
758057,1.3586685852337133,-0.1560143198602748,-0.22364031519774308
758890,1.937720977346233,0.0791200675172985,0.17503783904317016
772230,1.6223101823678354,0.11730282467309161,0.1821709787125949
773807,1.0975196166751806,0.084752774700813,0.1193521814507732
775497,1.5542669394867303,-0.23488102587421822,-0.32174218694586054
781111,1.7471100387764185,0.017553321089914364,0.08355294601706031
784044,1.3027237671342062,-0.14167702605082955,-0.182029599902636
784788,1.5486281267218498,0.1932159327000318,0.3084008887890177
785354,1.2286752931337015,-0.09933101459280591,-0.11674905486505716
785471,1.8396787520827425,0.29188738361336664,0.3896647523210126
786401,2.355344776642748,-0.23379541092291145,-0.42974817231590023
788127,2.0125372224075986,0.14809448170813067,0.05041857791471527
788732,1.7262574487107023,0.161034084824889,0.1737602605535875
789058,1.4684099436134705,0.004927169780255758,0.0738805255867161
790956,1.229026516141438,-0.0644382090235085,-0.08882142379225932
791276,2.1075349974543616,0.5606516552319487,0.8034435467714016
793002,1.93209756975158,0.043088143447973515,0.10351843494959168
793108,1.1228178184291708,0.01100086129012312,-0.032587839745425784
794061,1.5068089177680226,-0.012778143245113949,0.008305041788738476
794251,1.5513014711617228,-0.07208221051507802,-0.10676773577964971
795510,1.184950394848354,0.05665139882247261,0.10196059210801489
796014,1.1296578731170575,-0.09412963353966863,-0.1171408567966068
796445,1.4241246371972622,-0.20073957879149829,-0.27684425397991475
796763,0.997390046157537,-0.04892804878183299,-0.06616587066751456
796886,1.5870280831034653,-0.037226308253958784,-0.017180349691022778
798389,1.6440969219251529,0.12968120986165488,0.18822123013176784
798487,1.5078570265424835,-0.09138200308211197,-0.09209897024464864
799457,1.409358523462687,-0.058030867081245496,-0.09477494260467956
801532,1.655095315759696,-0.05674004144524636,-0.06759034757855398
803583,2.2131709160342963,-0.307896606352152,-0.44292914497189306
805022,1.3633664874051774,-0.10364711735363485,-0.12205551217329469
808163,1.599601471115347,-0.14647390105514924,-0.1895839821425358
808721,1.851200484198563,-0.12923249705705664,-0.21635569825781387
809326,1.8673029354552149,-0.10206848545181835,-0.1499296899393916
809424,1.2714344537670523,-0.11576591076685294,-0.22342237740559434
810253,1.131271350814123,-0.12653435810968316,-0.16447091933754232
811030,2.3549795093458883,0.36068991806072104,0.5904951258150337
811521,0.9392546564948715,-0.054555822775423146,-0.0930846247754451
816722,1.1488303217753566,-0.04061667910609601,-0.05418465674703099
818371,1.4799074843121987,-0.06297553684853918,-0.058597976487624104
820849,2.2433236614419876,0.3175036671805156,0.43143222388299884
822914,1.6883716246343272,-0.012547496283478399,-0.06669120110130367
830274,1.5511728792818786,-0.1727789300740119,-0.22299227576113845
830693,2.0678499870704568,0.09931832932501106,0.014273165887844108
832523,1.4742747173704605,-0.21101895317458252,-0.26749829940063696
833934,1.425085122657579,0.010238680756056162,0.03074494489848667
834555,2.075791210298911,0.43585834167485604,0.6637190790642626
835596,1.9091586429095866,0.3600475501381206,0.5900022387613237
836599,1.4474838204691889,-0.12955201943752725,-0.1994117096682726
837202,1.336859183700237,-0.1299226275040677,-0.1281637910612239
838006,1.539795965580562,-0.0900762188909936,-0.09871018262723541
843854,1.398888491134936,-0.12614805638751214,-0.2221850578228235
846062,1.5992547575079505,-0.06889055617246465,-0.07339193008382927
846757,1.153329201716337,-0.02502394113440376,-0.010175671484580429
846810,1.7710374893385326,-0.028676236529064925,-0.008164414296902844
847713,1.267006640012214,-0.09967296517318491,-0.11991706861840767
848525,1.7359695484589874,0.10027141631435676,0.1762927234067342
848873,1.8524321272877675,0.07092551868198527,-0.010358039595056212
848914,2.3818460157279553,0.054407614997648235,0.13176522060849738
850032,1.4270131258943406,-0.17730520047075138,-0.21534815163717025
851818,1.8713438250772545,-0.020259750397993992,-0.013667453342389058
851913,1.1739045925177418,-0.02501880810924728,-0.017193962078463798
852039,1.4224337887247056,-0.04057435912004448,-0.0865631610550146
853233,1.2151765933540626,-0.010728142789536488,0.026696207456227805
855163,1.911343265597252,0.08728903100597285,0.18962242337014534
855781,1.1991172667659733,-0.06978701288005329,-0.055306740751928984
857378,1.5196384068376012,-0.08948749946752566,-0.1466520390358519
861499,1.2029173909956399,-0.11905299099452882,-0.1527364525754995
862373,1.7122844733678215,-0.13434608087992816,-0.18363957998850555
863099,1.7248375357943666,-0.020220190203604105,-0.04121381795136214
863189,1.6191490533007091,-0.15043389873030688,-0.1738477838621062
863514,1.2755326657689718,-0.16399961128434448,-0.2237192756871682
864765,1.216903886674889,-0.02240722278776497,-0.0021404564535072446
865393,1.8171469625820615,0.2905057624078664,0.5371967664857891
866796,1.2677925767452338,-0.04491360938235256,-0.029699899299604704
866806,1.4110814756363859,-0.17472444807364695,-0.21615262397750468
873697,1.4224117344901428,-0.04141789484683511,-0.12089341542071486
873990,1.452716596844867,-0.11032276942035169,-0.17800009547795104
874220,1.7213264743150314,0.003183674262199343,-0.05373314186684941
876780,1.3253522020653923,-0.03262909196483621,-0.014184283846796042
878825,1.3250074977870896,-0.029891334548464377,-0.058310047314719116
879425,1.3688143397722725,0.17047275512568327,0.22905271904802338
881210,1.6543308782060822,0.09188305598605151,0.08723830855073222
883068,1.4972007826577045,0.1533595374619654,0.14411305507701822
884215,1.5609718699037909,-0.07016960956008544,-0.05982830542023443
885318,1.398695922539814,0.1613571776033642,0.19239092529880653
885327,1.2920961061253102,-0.14835528102701723,-0.19434121588619258
888847,2.067622561141247,-0.09765866554422997,-0.22926380411292313
891988,1.448331252876212,-0.12022856365709167,-0.13475883172122116
892017,2.173060882345557,0.48154592125025397,0.47420367672941843
893594,2.10643993412216,0.12601607608465093,0.0960855954060369
894709,2.3330501718564483,0.354886218736425,0.2205385090771288
895764,1.8103442515947814,0.15727141800184974,0.2612892728740319
896740,1.2800341214147655,-0.10866879127706497,-0.1420277758829016
902666,1.6460896176749005,0.1675184909451526,0.2353182812226975
904859,1.8700253054334737,0.4577934772577432,0.5950312933285047
904953,1.5945678221908794,0.03278325490011902,-0.023951014415299676
907867,1.3620014327535097,-0.021635527737043025,-0.05283755013906877
909577,1.4989818890251252,-0.013156942720112808,0.036942750741655095
911244,1.724815091979852,0.2290445761962232,0.2780881960898989
912708,1.554808321242012,-0.08128072986653057,-0.08839786407026762
915386,1.77043795392091,-0.14797950982445318,-0.17663156834253102
917725,1.473042666054214,-0.276263711082946,-0.39142357560937957
919095,1.778097304951812,0.20909774039032847,0.2816914682817955
919214,2.4027929174877447,0.6510825429219405,0.7557990489618147
920126,1.5645523017060767,-0.2854399760108761,-0.4481264112319727
920444,1.9433216974571348,-0.10777287008976444,-0.09578590427224731
921436,1.1086015390108441,0.04524960867062355,0.1087105260345198
921997,1.4645587996368097,-0.19385953419011992,-0.24552480341998928
924431,1.8125148186886675,-0.13085406989500803,-0.1364017587013111
925685,1.5773470875747069,-0.052788858775205005,-0.08378745139800592
927444,1.3721089678047371,0.07119478182675265,0.08660119484872153
930588,1.7647263833091829,0.1070947293865363,0.19230533021303686
930603,1.3031752302322694,-0.09227891492665563,-0.11353913649382874
932573,1.7225469584899091,-0.12418130887294243,-0.13224959318088736
933332,1.8316948267862074,0.2314383192895333,0.2868147964985477
933796,1.4349447629043994,-0.16149730960352904,-0.22548904246542922
934062,1.712514941335134,-0.16853074161990178,-0.20641975068126062
935105,1.689358266586434,-0.20006792403942364,-0.27517768440911605
936203,1.760206570052109,-0.1638981058917135,-0.18045530861100545
937329,1.409708575651539,0.09206157827577455,0.1017688119627016
939168,1.508304957941658,0.004696069933637137,0.054836720099508796
939939,1.2322576913986756,-0.020224348921576984,-0.014327036763761791
940059,1.3069006519378024,-0.10020159638565884,-0.18225989624331396
947925,1.2541307382072677,-0.024996481820736882,0.0025933506443847065
948859,1.7341839112460764,-0.24873801620304992,-0.34383598508152313
950775,1.4044245313975603,0.21948703379802792,0.37211816492389405
950858,1.5655413441957133,0.016552536255705963,0.01723826864506295
951420,1.5027645382593653,-0.05361369547342165,-0.043002919861123035
953295,1.4164253519017131,0.0038409392856268987,0.05063192843988373
953961,1.4998277537837963,-0.09704969926543461,-0.09209643405668255
954028,2.6164455735201804,0.749859753611354,0.8658359721709932
956249,0.9725777282640493,-0.04045000226054818,-0.0713398087421745
956423,2.2382909048697632,-0.04143771149835951,-0.050627721389720826
957351,1.7585721884032324,-0.2051180089112663,-0.27699021082398123
963259,1.5747727017668551,-0.19328560985444954,-0.27786419348020464
963813,1.8180415775477996,0.033153076668957615,-0.11396068139512039
965828,1.7984323571555993,-0.011575375119162512,-0.05866192297856654
969200,1.728896160663177,-0.14880552066329544,-0.1711841876517608
969941,1.3724646584843219,0.21856344105262537,0.4007132973972394
973534,1.5682390907276593,-0.11070600184964663,-0.1546961339954549
978081,1.472059434193025,0.0034335879767866118,0.036663791775346954
983022,1.988012766712054,-0.22853420006893832,-0.32230880265435813
983151,1.34447315964253,0.14755566521793706,0.19443002423679645
985036,1.2919012823443832,-0.18022532582541428,-0.23975783476637913
987629,1.6626961799889246,0.19368628101587881,0.337071852517526
988501,1.4270443389447902,0.040393365009045334,0.07719186121393395
989483,1.510020195984396,0.19030526475185972,0.3679193908820064
991064,1.6719644248533354,0.11787065749985293,0.18831894440865882
993259,1.9631541556864036,0.3155597098334546,0.4824009702569376
995962,1.7662810226770673,-0.08607685813388022,-0.1545013087307341
996624,1.598208046482458,-0.19515795081787712,-0.24465380394192926
997409,1.3447530832263215,0.1788738247366637,0.2435907514025788
998095,1.8283588929161987,0.23921599169500918,0.338923356986254
1000357,1.5663154273771869,0.07138902778304046,0.12700221206163076
1000624,1.7689340614501792,0.06953425482958853,0.11111289068057473
1002052,1.469321839379667,-0.08813230704233277,-0.07515369712057085
1003623,1.6375482824531853,0.05493102145801543,0.0786940977595203
1003846,1.5974297137498465,-0.19448784767335825,-0.26957649002245687
1004811,1.8799023455308619,-0.11820603556537201,-0.1810188678479001
1008220,1.3500573302941499,-0.02010439841743339,0.0319143611391417
1010755,1.4988945200103327,-0.018668712153502964,-0.09221599616670684
1012004,1.6032034392516652,-0.020284734217467904,-0.07311330412935368
1017754,2.0631324403241096,-0.14653342937205394,-0.20424074180882945
1018751,1.773872419842208,0.06757216853498726,0.14332192714334124
1018851,1.6067253175999672,-0.16024913426863607,-0.21061419156040007
1018980,1.9343669361788682,0.03906422129973386,-0.03655197881194616
1022583,1.2088873298326013,0.16553728722894312,0.16932307821787562
1026603,1.896215060888632,0.1083584337111656,0.184621453468107
1026820,1.4814975662066407,-0.05438727747351413,-0.10702484723660755
1029339,1.527296220520992,-0.1813960587139649,-0.2354947754988046
1030623,1.8656151464036415,-0.11737940041228478,-0.22648309794367205
1031515,1.670261602151671,-0.08603952155663452,-0.24388406915095784
1036400,1.5357740521884293,-0.16545601194613657,-0.19897973656115076
1042065,1.3851611439032967,0.020859360915914227,0.05350382029357981
1043591,1.4092704495001238,-0.16713259684572512,-0.250380951618967
1044712,1.100879269587775,-0.04471765849391107,-0.04578745497062231
1045004,1.671606904494232,0.1626650320478238,0.3257416121080523
1045425,1.1840532404850246,-0.08236922614182518,-0.07928297486397562
1047089,1.4077727713354007,-0.1379654333194189,-0.1804825310729501
1048092,1.6606934680962122,-0.16849231189579483,-0.2289490217017034
1048962,1.543063362086528,-0.07021826662623432,-0.08799344827693023
1049167,1.1407305910266394,-0.0548426800179076,-0.06102781902274157
1051974,1.2376542243028124,0.00035652244894146534,0.05392534919436209
1053783,1.4156041332672795,-0.05195175657375595,-0.08031287208394544
1054248,1.2613522374718955,-0.09351159837156597,-0.1126373234214697
1056533,2.0140353297639955,0.36891683000923026,0.47444081876085864
1056604,1.6905818244712505,-0.2561122634183124,-0.35088747553430855
1056959,2.018554021940512,-0.1069405573983202,-0.12583689456752323
1058522,1.935308047662715,0.39310493289687565,0.6513695039947722
1059346,1.461146485869584,0.03750019954309591,0.032639292097799366
1059387,1.5310399195545967,-0.05531185919182047,-0.1223808377998945
1063553,1.9503438463623393,0.09376007121940999,0.07389646283831341
1064273,1.5630898804181474,0.010576688016588287,-0.040464858980511
1064637,1.8549564952742317,0.008733217764729018,0.0483655295934895
1065297,1.3011170464839,-0.10191118280325528,-0.13922851915915557
1065675,1.4946575109003526,-0.13950257255973608,-0.16192878355728424
1068209,1.4287002043470403,0.04164577001136749,0.023021589042163892
1068701,1.2522987469994102,-0.02011789805835229,-0.032049179488065516
1071439,1.0886846934470296,-0.03926219352562277,-0.14535728519055247
1072955,1.615385091788415,-0.1619684827510175,-0.174559743136115
1073250,1.5655980896492059,-0.051263120828923814,-0.07951440015019995
1076145,1.7183409407227945,0.003086991730026245,-0.0028031335180740413
1078348,1.5572050938003417,0.19039846580618214,0.34792506195276296
1081169,1.203822868782123,-0.050673318154947466,-0.06468266667783085
1083554,1.916939820157197,0.14190211243886353,0.13095057622795592
1084031,1.4792568537434638,-0.10957541710609786,-0.12287891194271405
1084935,1.20634981532571,-0.1454733171092093,-0.19704181600353943
1085292,1.88812776445392,-0.10076633639207744,-0.152725705770689
1087126,1.5570326022208274,0.14998305653411315,0.21599478239186354
1089948,1.3651567607427326,0.13291280299663488,0.09163632580713954
1090944,1.376293174551066,-0.15377375111471148,-0.18015467879712999
1091404,1.7815727576748388,-0.089847052557821,-0.11170947380925966
1093797,1.6707231722433251,-0.04309330833291991,-0.03771365761044687
1096136,1.4954627844764388,-0.10244108247066963,-0.12445491510438988
1097910,1.4101094407243637,0.0004213708814835293,0.004421118481552577
1098855,1.4962744243870219,-0.1446693898942697,-0.17830665617316166
1100296,1.1217074825581752,-0.024959200268189097,-0.037492426251668265
1100501,1.1665097164261415,-0.06580453857843027,-0.09445721011049191
1100874,1.686859489872315,0.1625091850794791,0.2516554009376253
1103601,1.6076267172130316,-0.04422099631912091,-0.11385215700025864
1103858,1.2793840259978255,-0.12184388361837817,-0.14253528867574317
1105658,1.2852379220283487,-0.15846721428169497,-0.2477713647088775
1106604,1.885220741986231,-0.18092932836376385,-0.2506281981959497
1109981,1.7767361955744396,0.03547485862623567,-0.054188715788945796
1110438,1.2716794360306207,0.06746860537209942,0.08499181844330783
1111005,1.4327463044341013,0.04769293669961305,0.10861751139315845
1114971,1.8809236544339423,0.1625918052546511,0.19651912538650307
1119143,1.4102352512906167,-0.11962405291982314,-0.1547698864628677
1121961,1.2883274068842525,-0.08992265077276729,-0.09211281291467066
1122353,1.7379745649966865,-0.22215568425231536,-0.33089648573267216
1122734,1.6484253510852467,-0.186386700296588,-0.30816919723292013
1125294,2.0631534694249285,-0.08519029617555463,-0.14368491045211274
1125864,1.8331123863153707,0.20689380820082626,0.35965707679188785
1126714,2.075942811902039,0.20669364246758848,0.3186448014208172
1126765,1.500438374953708,0.2583247172625327,0.4736882671041216
1127480,1.77411914632103,-0.1020533185998882,-0.0889729354651525
1128355,1.798859184012751,-0.11222269064402801,-0.13999428134676206
1130065,2.064621447783169,0.15568049464140632,0.298638129095953
1130407,1.744295626782262,-0.027312601202512887,0.017025492309843182
1131274,1.4974223627361234,-0.2387665372309018,-0.3286960135862329
1134465,1.4548057771517577,0.00369724006687,0.0453470978438979
1138508,1.6428549113566617,-0.07274300322401017,-0.16419211558738867
1140581,1.2866256728852106,0.05925185039249792,0.05435679616532196
1141439,1.596268527675243,-0.11476194884736679,-0.1659482327755355
1142599,1.7890156763518712,0.12198148845106216,0.09507729534137033
1142797,1.2116259399812481,-0.11454805969220305,-0.14551778578771524
1143373,1.374847219088236,-0.1516391671029993,-0.2031650520728301
1145608,1.524853666509411,0.09158841047009147,0.1331644887937229
1146366,2.0312690538156164,0.13307155560864103,0.125246758391095
1147807,2.0055823709983382,0.5017103805069079,0.8297889644416445
1149822,1.3499717945602028,-0.16191766266346175,-0.23786621327030222
1150114,1.8787778156707642,0.12621534545162616,0.12031997674818884
1152331,1.6674588001275406,0.1683369689516887,0.1860776675978546
1154230,1.2450602314060923,0.006823083438792121,-0.018299018894536
1155474,1.3612426936827775,-0.025665352084876192,0.011049419988554243
1157236,1.9172160593113696,0.04229130332695075,0.06067964486939048
1159208,1.6107575956630296,0.012283454289545359,0.047900280257340944
1160557,1.5864531936737682,-0.22531647344082484,-0.3211538587738274
1162975,1.1450744914657567,-0.05485658192172105,-0.0537539551378996
1165136,1.8672750152137312,-0.062450202959283274,-0.11423454783354181
1165157,1.36114584568465,-0.09392287700141333,-0.13597248511341475
1166420,1.6079905528423697,-0.1712442441751023,-0.23939669073876813
1166482,1.6957502462506686,-0.1478762611527633,-0.17051712049393308
1166892,1.2036836575197907,-0.15098331799835796,-0.2058258898526386
1169580,1.767846969905883,-0.11790254516228238,-0.12937796034466875
1169714,2.1039941186836346,0.029504510499963832,0.040336673437214365
1170129,1.5803680987691697,-0.15663514661701772,-0.21974884456183097
1170199,2.1622728180111146,0.5404541188029275,0.7897677937250545
1171593,1.2467539123534195,0.09905619849083669,0.09278022319538293
1171898,1.5265982343977749,-0.13195243449947713,-0.17660211693977224
1172025,1.4289965345808575,-0.019034101071338405,0.00772729636081837
1174930,1.504693155791576,0.09935741912226126,0.15717983909465927
1175146,1.8875861610220042,-0.2058880014632669,-0.31732086475068044
1176423,1.6032345142264766,-0.08333472690546917,-0.13342275053170227
1179099,1.584780562638157,-0.0512170355460857,-0.03275469128538688
1180920,1.4096061931597823,-0.03488364554093315,-0.038624490473165185
1181470,0.9723249834315295,-0.031020372612343805,-0.043741331716404375
1184727,1.4903647892927734,-0.0034015764054919906,0.04616785140329793
1185592,1.4149225138274604,-0.06515534407081036,-0.050814296976506856
1185792,1.4662785687723072,0.3973770140136532,0.5360099300501788
1189455,1.865366677870522,0.4210017677961242,0.5797467736751096
1194608,1.3365442162087582,-0.019528019139120945,-0.06116792246151759
1196639,1.8460264338016326,0.020482823268771044,-0.07774584288493491
1197342,1.401318080545497,0.1420773502095698,0.22609693992790225
1198587,1.4989665705819997,-0.0401056621049094,-0.06853488086215465
1198844,1.5539366833122714,0.17259637857244403,0.27452991702895435
1200324,1.2350760172052972,-0.1898889781374442,-0.26467200164732085
1202131,1.4988025392978668,0.05735923772278495,0.1163048704980929
1204024,1.5985301752286531,0.018551414234440733,0.09851608135963152
1204303,1.9476942946712144,0.17277006836846764,0.2926167218690332
1204597,1.356652464743796,-0.07008907828264288,-0.15034312307445163
1204919,1.980135841755929,-0.021358152173392764,-0.11038947014694145
1206646,1.4885854062080452,-0.03713522211351861,0.030277270259986055
1206990,1.8298091163297479,0.09119928821096823,0.17676282931497944
1209115,1.7276158435473123,-0.2662875991829645,-0.34178003253375433
1209945,1.7932975095619197,-0.0028730323638987976,0.05033174106000149
1210011,1.4724451831649885,-0.023811847775434325,-0.024333242355140783
1214084,1.7134366093478488,-0.11723449958117094,-0.24450354654797724
1214192,1.15384541037282,-0.069010999086214,-0.06572301786743062
1215895,1.0699217351028925,0.06388972317998154,0.09205751949057372
1220098,1.327490857768246,-0.04002096090674656,-0.04950588072902229
1220852,1.518338892227539,-0.013770677502087159,0.016716115547285693
1224173,1.8600806578271705,0.2963924879569013,0.45480385283713454
1226135,1.5299659626058661,-0.013278349009508528,-0.05624927827514559
1228696,1.4589357402533443,0.027376102840541927,-0.02298974483885785
1232560,1.3458214981973702,-0.023328249392843947,-0.07583075436987774
1240179,1.245410444955962,-0.1213842901512121,-0.1373485456777479
1240864,1.655242237185211,-0.07444256260764726,-0.07721479697161526
1241277,2.3247366958414037,0.014513175841396109,-0.08697589017244312
1244349,1.7179676490073643,0.08301261535314697,-0.04592873435182243
1245014,1.6928021374178104,-0.027934665460150665,0.027825365796423585
1245401,1.7490408037995089,0.11427064039254953,0.13740182437051152
1248238,1.2964490953329035,0.11263768991663792,0.12586051570748213
1248806,1.8005754397241995,0.1911971049578951,0.2872092852564978
1249015,1.4633841002970132,-0.012767912489782374,-0.03286037232136518
1249106,1.4367993727478767,-0.2024232145180349,-0.2849453096264105
1250002,1.6302878724383962,0.03970867633023789,0.1372696677502956
1250330,1.70973958319291,-0.0740139324545046,-0.08457806263357304
1253024,1.5941437007257708,0.13967766009254,0.2499828312143586
1253262,1.6750355558504821,0.08739471563203294,0.2163159806887902
1254761,1.484175902320318,-0.09431867839509134,-0.1779926752321932
1259594,2.0093385209802666,0.26645000325765,0.18909044103403305
1260165,1.4788038533431234,-0.10052746024273107,-0.10431392767718628
1263440,2.0258950654703187,0.08364813104164392,0.07359313421055136
1265081,1.5774226807451943,0.11740180265827305,0.20928291648376507
1265376,1.7595746172437692,0.24857313461579622,0.26671213057614374
1265627,1.6898043022413916,-0.1233011106684947,-0.22421900237156578
1268916,1.1178788806549542,-0.034516151269164075,-0.017926919735816282
1270225,1.753641099220524,0.08650705786875812,0.1998082627868656
1271832,1.517861377613004,-0.04231798431292999,-0.02840766716684273
1273334,2.0695928799049286,0.3496094085632193,0.5232018719140172
1281588,1.5804147851530164,-0.08020358329940658,-0.05605315233412145
1281636,1.4596477938848837,-0.18125903092328466,-0.2563638791269749
1282280,2.088111291759178,-0.18025833344532738,-0.29705261249639436
1285834,2.068418527387643,0.0436615759719543,0.04929879957320482
1286018,1.4308053907210907,-0.13652998450621556,-0.16594586600904293
1286169,1.5430108193122947,-0.13194860491931681,-0.15784023579782547
1287472,1.8881859222493622,0.1950729175452255,0.28956802856862596
1289171,1.688230466516975,0.19811502988394247,0.2556364764731325
1290303,2.379512368454282,0.35052274356655344,0.4216976101262415
1292701,1.718665833474295,-0.14004127378930997,-0.2060680084928168
1293841,1.584881318559255,-0.12619968787955393,-0.20617558871607677
1294667,1.057049477224975,0.022862110533842683,0.05259558827590971
1295558,1.1760333061290391,-0.03484128310581225,-0.023502223676755696
1296547,1.5488053089387852,-0.07868460280744327,-0.13742268868132235
1296989,1.2034237286730158,-0.0955493397248417,-0.11318144515123585
1297630,1.5214240536785315,0.06898749320468323,0.12001979453617873
1298917,1.9666567170045848,-0.06754353622224718,-0.21732568810617026
1300476,1.7536120550046141,-0.01623272694777711,0.029491163033919854
1301172,1.7078994954404145,-0.015680816376934414,0.05415914777459707
1301995,1.1625007892318027,0.13002813279544623,0.10730978431035187
1302457,1.3896947696038402,-0.011986823880852926,-0.014250732608989347
1305339,1.826145878175857,0.08589144047439357,0.018604480034068782
1309330,1.800060782303331,-0.018533275188393317,-0.10978448974361199
1309605,1.1468524271852865,0.020216670710922813,0.03745273065160459
1309861,1.4253630053435162,-0.11046189542967233,-0.1324883439460265
1310873,1.3905871718843115,-0.07685482025825618,-0.1586194416535731
1313843,1.5263876281905522,-0.0796282365190144,-0.1644346520409734
1314295,1.574642406010154,-0.013155497662403759,0.06091887416753905
1314651,1.4476934830264228,-0.14690688742318425,-0.24907571956057284
1316509,1.3353484799094806,-0.01573560193558654,-0.020273232573676525
1318676,1.749700125477434,0.24711801323715754,0.40701025130849633
1319114,1.8294340543037626,0.004014159618602076,0.037140697026630365
1319426,1.7277359210239494,0.02199006907434864,0.05083815942851477
1321292,1.0808671540246342,-0.005210244182804136,-0.006280939006791497
1321298,1.7408727499489305,0.17368145521275058,0.3190266269303159
1321691,1.344664760689807,-0.08577221487679565,-0.11548108157724912
1321707,1.3933280234277134,-0.25221089670229624,-0.348653719988989
1322737,2.3073485826921694,0.13050260373331568,0.1754554796088006
1323585,1.3673764031594018,-0.007102214253690509,0.026588472828890986
1326134,1.4343976250641195,-0.12071389044740011,-0.17163307542086192
1326243,1.8687968119117353,0.061243925287730594,0.011722674839003355
1326423,1.7516059554479457,0.3068170155260126,0.39149580604824186
1326997,1.2153689873922908,-0.04394236198458312,-0.027116839615321853
1327250,1.4271041910081301,0.013728778621192372,0.0840491154927181
1328935,1.2719680966688347,0.1514435475092113,0.1191113600827356
1329071,2.0784196903397687,-0.22966850586213394,-0.36101277148487343
1330819,1.5917655794231416,0.03790268995124424,0.12817095042130555
1331369,2.058422405498153,0.4129209888302774,0.6265337232296959
1332935,1.3793330020872947,-0.05302143318980601,-0.04547054143371976
1335800,1.1109338643964035,-0.08176795465902487,-0.13218376426135858
1337647,1.5431441174770633,-0.10628699995780111,-0.13807529810781682
1338734,1.7367160728185653,-0.05650106748943595,-0.035087452749559045
1338991,2.014296761155267,0.4772174006808205,0.6813943461765692
1340260,1.9335987511358654,-0.14826992210121426,-0.19907352958995128
1340807,2.0141199947615176,-0.17907178393963585,-0.34324798996496875
1341126,1.3824389500874352,-0.055363838593872394,-0.035211267031490134
1342504,1.4363430060979592,-0.07577383436172802,-0.10801906492437374
1343402,1.946756729728932,-0.15971501597062665,-0.2839696943140724
1343937,1.3950337410290556,-0.22209399132086705,-0.3098122166393089
1344397,1.8743876748791453,-0.02600817666857047,-0.05086408175407042
1345859,1.305678008838039,-0.08166574351690503,-0.10127214132288986
1346749,1.8290312958903083,0.41842319381898907,0.5479309921650195
1347757,1.3143617756022044,-0.013304259782259242,-0.046404390001326457
1348792,1.5260207674021598,0.08346377519216297,0.17129511996369273
1350578,1.7403369460528044,0.11627915902608632,0.24904977824460595
1351335,1.567251694846113,-0.23225926747866277,-0.2953719092200069
1353320,1.5002860742264228,-0.061324479381701824,-0.059005258880390654
1354990,1.2391298322649658,-0.046683278334836764,-0.057317122194031844
1356410,1.3484433732786607,-0.14479484607785165,-0.17267842435602732
1356446,1.107957919938158,0.056118032274433016,0.07087473576256165
1357197,1.8259266362940634,0.17002325269598773,0.21834199713263636
1360730,1.4611828860734093,-0.2372724300310174,-0.31563809834074785
1361244,1.9901098555262213,0.6989746654702924,1.0192080737038078
1361375,1.4987662183570472,0.2598792014938749,0.492119210240743
1362819,1.6071303114976172,-0.17885029796013985,-0.22551018945565682
1362957,1.4474224493482861,-0.12711300994137686,-0.22620351851989895
1365707,2.0963155308694335,0.05191061533391661,0.10391345933874119
1366217,1.539569462366757,-0.010515278884837498,-0.008494247315703474
1367474,1.9673402565651599,0.0684249813507245,-0.00731500135422003
1367521,1.49924455451973,-0.1831737681199792,-0.29672779468974
1371416,1.958009523393893,0.3772906983331388,0.6049103377818952
1373337,1.4916847467068617,-0.12435734235450457,-0.1525575988176726
1373958,1.6183864052234689,0.08975216232544225,0.2342778310900382
1375785,1.6194583818622208,-0.03871895262244873,-0.07862254676663394
1376138,1.8803206131012622,0.15457350092110955,0.19651716756868476
1376161,2.0433501589348677,0.38574610650352126,0.45383261901744687
1377305,1.923909799717103,0.33413183108024636,0.48693046493154424
1377869,1.8614687637111558,0.14815661797943447,0.18076301866994982
1381017,1.6913394064145508,-0.15748983570244457,-0.25269258823616214
1381559,1.2078363844904345,-0.0864770598716964,-0.08148132798863528
1383237,2.280001349560568,0.1135275652910952,0.008198586189029022
1384834,1.6882347383416614,-0.044630252517027014,-0.04904843119682778
1385109,1.7693815700028206,0.5753324634419228,0.9426786975858656
1385752,1.9647923765419721,-0.03363773745814558,-0.057891990701606666
1386013,1.7939756232102038,0.18112164301673128,0.11022127522347369
1387338,2.0530300608549443,0.3382221892957773,0.5185887971860619
1388836,1.2826795297641032,-0.09339086117569417,-0.1546444807564593
1389167,1.7250668926724462,0.33949176853216745,0.5449968192959576
1392480,1.5067170212825707,-0.04671008320876102,-0.10496065777897301
1392599,1.703700980531388,0.23118456497765094,0.43858835259814066
1393106,1.7153520223309875,0.22888782886255044,0.33056809439209944
1394920,1.470911564349971,0.21362402544962977,0.27977398610183535
1395552,1.5340583178535014,0.017041051739601354,-0.040100945285389544
1396269,1.5479167638367652,-0.17478183892695642,-0.21437196420869742
1397441,1.3398153572865332,0.15796598564476305,0.19892392874012255
1399208,1.7380837236576965,-0.08844671407470628,-0.18069660493230977
1403373,1.490080306983475,-0.03739741767122218,-0.02971459439621915
1404509,1.6863198362616936,0.1077102798037155,0.18619349720955114
1404871,1.63518613357329,0.1525776006293882,0.2423879991181963
1405339,1.125498822933203,0.02531465795082588,0.05410789901965107
1405361,2.372088891763616,0.3045161134231571,0.2797537417050897
1405871,1.6347529721438943,0.07180563285492925,0.027507484969836016
1407945,1.5593190172097713,0.04534994079509058,0.008627192313608756
1408619,1.7606296695701575,0.06114488996398704,-0.024362786823340254
1409520,1.8859760729227844,0.13418595488330065,0.1370304299339511
1411274,1.644069860029801,-0.07522635865630112,-0.1790699112065417
1412919,1.2322329898120157,-0.054837132865090066,-0.039327302901432715
1413912,1.6098958898944433,-0.039622592011873126,-0.05059493508945634
1417971,1.4773999140293201,-0.16280151193334835,-0.21499829005673043
1422185,2.054904727449851,0.3082092250111521,0.28048681770832484
1422354,1.4365290012821323,-0.08258043549257099,-0.17124851198890623
1423481,1.7517964984702183,0.3339765288948897,0.5272856784193698
1424677,1.9624842999250776,-0.2657695852894211,-0.4520409087522781
1424907,1.2254206168360813,-0.15247934042953637,-0.2330275828104731
1425778,1.8036709972882,-0.223412349297887,-0.3098052544742158
1429389,1.5994147077230565,0.04895085794889309,0.11052774096908724
1436616,1.4742585790789349,-0.11212595172467621,-0.17916315995760934
1437589,1.4564997391286678,-0.07657102893468792,-0.1250692386092247
1439699,1.9827296213020331,-0.11922729189778258,-0.24468682242259088
1439912,1.0728827155342036,-0.12872772927929121,-0.1745622083453635
1440045,1.3877577867416997,-0.022929305210462214,-0.10487535131770231
1447672,1.4722258456029453,-0.09438301993398035,-0.08743640098412198
1447864,1.3261390889683462,0.05036022498524062,0.0964709656961753
1450182,1.4888060957392921,-0.03622731895302822,-0.00950587703920558
1452198,1.8205945840840903,0.07059743110907601,0.13409780637855384
1452797,1.5097951209606912,-0.2029542366096022,-0.2700643710271926
1452929,1.7275736138607662,0.07717266609795237,0.16547956801813202
1453673,1.8969641296332034,-0.041734641524979965,-0.11392288300484932
1456545,1.618165040692927,0.13078141095104678,0.2725307832250379
1456913,1.303731716047953,0.1667221779210153,0.25482573859554547
1457358,1.4902151969466215,0.04979537871337625,0.1039920458403798
1457819,1.5249136609795493,-0.016293357554359567,0.03681171837458863
1458174,1.6866057033399533,-0.10202154870766789,-0.16621718443586664
1458469,1.5271061208568666,-0.1578414990400916,-0.19400580098057119
1458578,2.1240015280151296,0.26824035418535797,0.41767410182203957
1458919,1.9414396873356803,0.6239737709603246,1.0514955407736186
1460545,1.9197372031527427,-0.03917828834887249,-0.0644510275533916
1462794,1.668376683373977,0.07383364736266862,0.20311771817382485
1463503,1.3985529456760577,-0.11994375893998521,-0.1775763855639958
1464905,2.04080878239102,0.0298234403633848,0.08851634950665277
1466736,1.309151976995864,0.006560679166421224,0.004969461809960718
1467062,1.5800629365839989,0.059575603609160144,-0.0105100631024162
1468597,1.568891093154238,-0.05098057430423664,-0.06896992080335296
1470207,1.506471467749214,-0.01992771908789015,-0.01299368658367106
1472535,1.550622556213211,-0.14547235389741053,-0.16733026017166774
1474303,1.3737057182380652,-0.20000525917393253,-0.26305491737109055
1476934,2.103295401534549,0.19441983497304438,0.23640873044639132
1479209,1.4771932399034657,-0.04046062131465433,-0.13821233668881017
1480955,1.7198698351791686,-0.14326859786794466,-0.16387892280404825
1482985,1.9458743956377087,-0.0076716835400052474,-0.08879467426351018
1484313,1.5509712569384664,0.09618741293755662,-0.0022240456396820374
1484435,1.3018558300303622,-0.22885701944904335,-0.344040530739799
1485653,1.373186241474753,0.10836995909354163,0.11569551399093769
1486166,1.3358017793054389,0.09606835730507601,0.17342745401437765
1489520,1.104484745815781,0.00106541753818723,0.009753681126952518
1489982,1.3431097265737233,-0.0821471164242229,-0.05687216483540469
1490290,1.3131480747122386,-0.05065410523969205,-0.07451146956319676
1490743,1.612677786156472,0.2529945014792081,0.3053427190471274
1492450,1.5922527029426394,0.03101791139693355,0.06781481469869588
1492594,1.4307210065755749,-0.18624909383326682,-0.2528846542921668
1494559,1.9713857069703924,0.0016614173904887508,0.036484087022325085
1495435,1.7742622428036754,0.029313469007023807,-0.012182384837359894
1497041,1.788984784229661,0.21926363349632716,0.28473735963630986
1497105,1.6875564292468792,-0.16974186466096874,-0.2245459735902613
1498424,2.1079603465013346,0.2819534547735931,0.18721714674725565
